Workbook

Sheet Sheet3
A1: 学号 | B1: 学生姓名 | C1: 语文 | D1: 数学 | E1: 英语 | F1: 物理 | G1: 政治 | H1: 历史
A2: 230101 | B2: 包为民 | C2: 91 | D2: 95 | E2: 91 | F2: 84 | G2: 66 | H2: 75
A3: 230102 | B3: 曾劲松 | C3: 90 | D3: 77 | E3: 83.5 | F3: 85 | G3: 73 | H3: 75
A4: 230103 | B4: 陈博凯 | C4: 85 | D4: 85 | E4: 66 | F4: 81 | G4: 71 | H4: 53
A5: 230105 | B5: 刁艺翔 | C5: 69 | D5: 63 | E5: 50.5 | F5: 67 | G5: 64 | H5: 55
A6: 230106 | B6: 范文翔 | C6: 57 | D6: 68 | E6: 73 | F6: 46 | G6: 51 | H6: 34
A7: 230108 | B7: 范子沫 | C7: 97 | D7: 91 | E7: 97 | F7: 80 | G7: 76 | H7: 74
A8: 230109 | B8: 冯浚杰 | C8: 91 | D8: 71 | E8: 65.5 | F8: 48 | G8: 59 | H8: 49
A9: 230110 | B9: 黄欢畅 | C9: 73.5 | D9: 86 | E9: 36 | F9: 76 | G9: 56 | H9: 60
A10: 230111 | B10: 黄天佑 | C10: 90 | D10: 96 | E10: 105 | F10: 87 | G10: 77 | H10: 66
A11: 230112 | B11: 姜晨旭 | C11: 61 | D11: 44 | E11: 53 | F11: 53 | G11: 40 | H11: 32
A12: 230114 | B12: 李浩森 | C12: 54 | D12: 19 | E12: 42.5 | F12: 20 | G12: 45 | H12: 33
A13: 230115 | B13: 李鸣冲 | C13: 94 | D13: 76 | E13: 78.5 | F13: 65 | G13: 67 | H13: 68
... A28: 230132 | B28: 吴定涵 | C28: 95 | D28: 82 | E28: 86.5 | F28: 84 | G28: 63 | H28: 77
A29: 230133 | B29: 许耀丹 | C29: 未扫，不计排名 | D29: 未扫，不计排名 | E29: 未扫，不计排名 | F29: 未扫，不计排名 | G29: 未扫，不计排名 | H29: 未扫，不计排名
A30: 230134 | B30: 叶晋衡 | C30: 75 | D30: 59 | E30: 83.5 | F30: 64 | G30: 57 | H30: 58
A31: 230135 | B31: 叶晋熙 | C31: 78.5 | D31: 68 | E31: 56 | F31: 52 | G31: 56 | H31: 50
A32: 230136 | B32: 叶雨晗 | C32: 89 | D32: 93 | E32: 81.5 | F32: 84 | G32: 72 | H32: 65
A33: 230137 | B33: 张苗苗 | C33: 70.5 | D33: 72 | E33: 65 | F33: 55 | G33: 60 | H33: 71
A34: 230138 | B34: 郑光耀 | C34: 95 | D34: 68 | E34: 92.5 | F34: 76 | G34: 74 | H34: 77
A35: 230139 | B35: 钟恩琳 | C35: 75 | D35: 70 | E35: 88.5 | F35: 57 | G35: 59 | H35: 60
A36: 230141 | B36: 钟梓萌 | C36: 95 | D36: 85 | E36: 80 | F36: 82 | G36: 77 | H36: 80
A37: 230142 | B37: 朱浩宇 | C37: 63 | D37: 27 | E37: 35 | F37: 54 | G37: 52 | H37: 54
A38: 230143 | B38: 朱文皓哲 | C38: 83 | D38: 77 | E38: 73.5 | F38: 73 | G38: 54 | H38: 59
A39: 230144 | B39: 诸言 | C39: 88 | D39: 74 | E39: 59 | F39: 75 | G39: 67 | H39: 61
A40: 230146 | B40: 林子健 | C40: 87 | D40: 75 | E40: 63 | F40: 65 | G40: 76 | H40: 77
A41: 230147 | B41: 黄浩燃 | C41: #N/A | D41: #N/A | E41: #N/A | F41: #N/A | G41: #N/A | H41: #N/A
A42: 230202 | B42: 陈峻灏 | C42: 86.5 | D42: 75 | E42: 101.5 | F42: 56 | G42: 55 | H42: 67
A43: 230203 | B43: 陈芷君 | C43: 87 | D43: 78 | E43: 64.5 | F43: 84 | G43: 69 | H43: 60
A44: 230204 | B44: 成紫强 | C44: 80 | D44: 61 | E44: 33 | F44: 76 | G44: 62 | H44: 72
A45: 230205 | B45: 范洛铨 | C45: 56 | D45: 23 | E45: 24 | F45: 45 | G45: 42 | H45: 26
A46: 230206 | B46: 何语筠 | C46: 93 | D46: 59 | E46: 86.5 | F46: 59 | G46: 67 | H46: 86
A47: 230208 | B47: 黄磊 | C47: 93 | D47: 69 | E47: 78 | F47: 62 | G47: 68 | H47: 73
A48: 230209 | B48: 黄文轩 | C48: 77 | D48: 59 | E48: 49.5 | F48: 73 | G48: 57 | H48: 73
A49: 230210 | B49: 黄炫凯 | C49: 89 | D49: 86 | E49: 97 | F49: 84 | G49: 79 | H49: 66
A50: 230211 | B50: 黄梓源 | C50: 72 | D50: 55 | E50: 70 | F50: 67 | G50: 44 | H50: 41
A51: 230212 | B51: 嵇祤宸 | C51: 77 | D51: 17 | E51: 25.5 | F51: 37 | G51: 57 | H51: 48
A52: 230213 | B52: 李百恩 | C52: 91 | D52: 99 | E52: 109.5 | F52: 85 | G52: 75 | H52: 77
A53: 230214 | B53: 李睿杰 | C53: 74.5 | D53: 68 | E53: 59 | F53: 56 | G53: 62 | H53: 71
... A193: 230534 | B193: 许宇畅 | C193: 82 | D193: 81 | E193: 62.5 | F193: 78 | G193: 62 | H193: 70
A194: 230535 | B194: 许芷晴 | C194: 未扫，不计排名 | D194: 未扫，不计排名 | E194: 未扫，不计排名 | F194: 未扫，不计排名 | G194: 未扫，不计排名 | H194: 未扫，不计排名
A195: 230536 | B195: 严宇恒 | C195: 78 | D195: 74 | E195: 47 | F195: 43 | G195: 71 | H195: 78
A196: 230537 | B196: 杨梓沛 | C196: 94 | D196: 72 | E196: 101.5 | F196: 64 | G196: 69 | H196: 68
A197: 230538 | B197: 张初阳 | C197: 90 | D197: 64 | E197: 54.5 | F197: 57 | G197: 70 | H197: 71
A198: 230539 | B198: 张鸿杰 | C198: 80 | D198: 68 | E198: 72.5 | F198: 75 | G198: 64 | H198: 54
A199: 230540 | B199: 钟梓嘉 | C199: 94 | D199: 93 | E199: 106.5 | F199: 80 | G199: 73 | H199: 72
A200: 230541 | B200: 朱恒锋 | C200: 未扫，不计排名 | D200: 未扫，不计排名 | E200: 未扫，不计排名 | F200: 未扫，不计排名 | G200: 未扫，不计排名 | H200: 未扫，不计排名
A201: 230542 | B201: 庄皓翔 | C201: 79 | D201: 80 | E201: 79 | F201: 87 | G201: 58 | H201: 60
A202: 230543 | B202: 左伊雪 | C202: 90 | D202: 80 | E202: 92.5 | F202: 62 | G202: 72 | H202: 75
A203: 230544 | B203: 钟炽柔 | C203: 90 | D203: 77 | E203: 93 | F203: 64 | G203: 63 | H203: 79
A204: 230601 | B204: 蔡诚俊 | C204: 97 | D204: 96 | E204: 104.5 | F204: 87 | G204: 77 | H204: 81
A205: 230602 | B205: 陈昊洋 | C205: 91 | D205: 92 | E205: 82 | F205: 86 | G205: 77 | H205: 69
A206: 230603 | B206: 陈黄可 | C206: 86 | D206: 81 | E206: 49 | F206: 78 | G206: 62 | H206: 71
A207: 230604 | B207: 陈沛斯 | C207: 81 | D207: 51 | E207: 77.5 | F207: 41 | G207: 58 | H207: 53
A208: 230605 | B208: 邓晟涵 | C208: 85 | D208: 97 | E208: 109 | F208: 81 | G208: 77 | H208: 69
A209: 230606 | B209: 段文韬 | C209: 88 | D209: 90 | E209: 101.5 | F209: 86 | G209: 74 | H209: 77
A210: 230607 | B210: 樊璟朗 | C210: 79 | D210: 92 | E210: 85.5 | F210: 84 | G210: 72 | H210: 72
A211: 230608 | B211: 付丽云 | C211: 94.5 | D211: 95 | E211: 107.5 | F211: 84 | G211: 79 | H211: 79
A212: 230609 | B212: 古灿丰 | C212: 80 | D212: 88 | E212: 85 | F212: 84 | G212: 66 | H212: 64
... A216: 230614 | B216: 贺加琦 | C216: 98 | D216: 101 | E216: 114 | F216: 90 | G216: 79 | H216: 80
A217: 230615 | B217: 黄珷珺 | C217: 68 | D217: 77 | E217: 未扫，不计排名 | F217: 未扫，不计排名 | G217: 69 | H217: 未扫，不计排名
A218: 230616 | B218: 劳诗晴 | C218: 83.5 | D218: 91 | E218: 87 | F218: 87 | G218: 77 | H218: 78
A219: 230617 | B219: 雷乐轩 | C219: 88 | D219: 98 | E219: 68 | F219: 88 | G219: 68 | H219: 68
A220: 230618 | B220: 李晋希 | C220: 87 | D220: 70 | E220: 47 | F220: 61 | G220: 68 | H220: 67
A221: 230619 | B221: 李洋 | C221: 97 | D221: 87 | E221: 104.5 | F221: 84 | G221: 81 | H221: 70
A222: 230620 | B222: 李羽浩 | C222: 74 | D222: 85 | E222: 71 | F222: 87 | G222: 71 | H222: 74
A223: 230621 | B223: 李梓妍 | C223: 92 | D223: 92 | E223: 106.5 | F223: 86 | G223: 76 | H223: 85
A224: 230622 | B224: 梁景恒 | C224: 97 | D224: 91 | E224: 92.5 | F224: 85 | G224: 73 | H224: 80
A225: 230623 | B225: 梁泽浩 | C225: 93 | D225: 86 | E225: 88.5 | F225: 90 | G225: 74 | H225: 69
A226: 230624 | B226: 林丰恩 | C226: 83.5 | D226: 94 | E226: 63.5 | F226: 85 | G226: 75 | H226: 72
A227: 230625 | B227: 卢语煊 | C227: 84 | D227: 82 | E227: 104.5 | F227: 85 | G227: 77 | H227: 73
A228: 230626 | B228: 马信喆 | C228: 97 | D228: 96 | E228: 79.5 | F228: 82 | G228: 71 | H228: 83
A229: 230627 | B229: 莫书豪 | C229: 80 | D229: 86 | E229: 74 | F229: 82 | G229: 69 | H229: 63
... A255: 230707 | B255: 郭宪霖 | C255: 78 | D255: 92 | E255: 84.5 | F255: 70 | G255: 67 | H255: 79
A256: 230708 | B256: 黄睿曜 | C256: 86 | D256: 98 | E256: 未扫，不计排名 | F256: 未扫，不计排名 | G256: 82 | H256: 未扫，不计排名
A257: 230709 | B257: 黄奕 | C257: 97 | D257: 85 | E257: 109 | F257: 79 | G257: 77 | H257: 77
A258: 230710 | B258: 邝俊明 | C258: 89 | D258: 83 | E258: 98.5 | F258: 80 | G258: 77 | H258: 81
A259: 230711 | B259: 蓝博 | C259: 87 | D259: 86 | E259: 98 | F259: 86 | G259: 71 | H259: 76
A260: 230712 | B260: 雷家晔 | C260: 87 | D260: 93 | E260: 94.5 | F260: 85 | G260: 78 | H260: 71
A261: 230713 | B261: 黎培滔 | C261: 78 | D261: 91 | E261: 85.5 | F261: 85 | G261: 57 | H261: 74
A262: 230714 | B262: 李晗飞 | C262: 89 | D262: 110 | E262: 111.5 | F262: 85 | G262: 79 | H262: 82
A263: 230715 | B263: 李皓然 | C263: 91 | D263: 101 | E263: 99 | F263: 82 | G263: 76 | H263: 78
A264: 230716 | B264: 李佳泽 | C264: 96 | D264: 89 | E264: 102.5 | F264: 87 | G264: 70 | H264: 83
A265: 230717 | B265: 李政锐 | C265: 85 | D265: 78 | E265: 93.5 | F265: 80 | G265: 65 | H265: 71
A266: 230718 | B266: 李梓萱 | C266: 107.5 | D266: 88 | E266: 109.5 | F266: 86 | G266: 85 | H266: 79
A267: 230719 | B267: 廖丹青 | C267: 101 | D267: 99 | E267: 87.5 | F267: 88 | G267: 76 | H267: 84
A268: 230720 | B268: 林佩雯 | C268: 88 | D268: 89 | E268: 94 | F268: 80 | G268: 77 | H268: 75
... A416: 231046 | B416: 徐可岚 | C416: 98 | D416: 97 | E416: 102 | F416: 87 | G416: 76 | H416: 79
A417: 231047 | B417: 俞琦峰 | C417: #N/A | D417: #N/A | E417: #N/A | F417: #N/A | G417: #N/A | H417: #N/A
A418: 231048 | B418: 马熙彤 | C418: #N/A | D418: #N/A | E418: #N/A | F418: #N/A | G418: #N/A | H418: #N/A
A419: 231101 | B419: 敖以然 | C419: 108 | D419: 74 | E419: 95.5 | F419: 84 | G419: 75 | H419: 82
A420: 231102 | B420: 曾亨元 | C420: 94 | D420: 93 | E420: 93.5 | F420: 82 | G420: 66 | H420: 71
A421: 231103 | B421: 陈美美 | C421: 92 | D421: 94 | E421: 99.5 | F421: 89 | G421: 76 | H421: 74
A422: 231105 | B422: 戴楷烜 | C422: #N/A | D422: #N/A | E422: #N/A | F422: #N/A | G422: #N/A | H422: #N/A
A423: 231106 | B423: 戴子尧 | C423: 89 | D423: 99 | E423: 95.5 | F423: 75 | G423: 67 | H423: 73
A424: 231108 | B424: 冯嘉烨 | C424: 99 | D424: 94 | E424: 103.5 | F424: 87 | G424: 67 | H424: 70
A425: 231109 | B425: 高菲阳 | C425: 88 | D425: 88 | E425: 110 | F425: 73 | G425: 70 | H425: 73
A426: 231110 | B426: 贺明非 | C426: 101 | D426: 105 | E426: 102.5 | F426: 77 | G426: 78 | H426: 76
A427: 231111 | B427: 黄丽雅 | C427: 90 | D427: 89 | E427: 96.5 | F427: 77 | G427: 70 | H427: 63
A428: 231112 | B428: 黄语嫣 | C428: 104.5 | D428: 97 | E428: 107 | F428: 79 | G428: 72 | H428: 81
...

Sheet Sheet1
A1: 学号 | B1: 学生姓名 | C1: 语文 | D1: 数学 | E1: 英语 | F1: 物理 | G1: 政治 | H1: 历史
A2: 230101 | B2: 包为民 | C2: =VLOOKUP($B2,Sheet2!$A:$E,2,0) -> 91 | D2: =VLOOKUP($B2,Sheet2!$A:$E,3,0) -> 95 | E2: =VLOOKUP($B2,Sheet2!$A:$E,4,0) -> 91 | F2: =VLOOKUP($B2,Sheet2!$A:$E,5,0) -> 84 | G2: =VLOOKUP($B2,Sheet2!$A:$G,7,0) -> 66 | H2: =VLOOKUP($B2,Sheet2!$A:$G,6,0) -> 75
A3: 230102 | B3: 曾劲松 | C3: =VLOOKUP($B3,Sheet2!$A:$E,2,0) -> 90 | D3: =VLOOKUP($B3,Sheet2!$A:$E,3,0) -> 77 | E3: =VLOOKUP($B3,Sheet2!$A:$E,4,0) -> 83.5 | F3: =VLOOKUP($B3,Sheet2!$A:$E,5,0) -> 85 | G3: =VLOOKUP($B3,Sheet2!$A:$G,7,0) -> 73 | H3: =VLOOKUP($B3,Sheet2!$A:$G,6,0) -> 75
A4: 230103 | B4: 陈博凯 | C4: =VLOOKUP($B4,Sheet2!$A:$E,2,0) -> 85 | D4: =VLOOKUP($B4,Sheet2!$A:$E,3,0) -> 85 | E4: =VLOOKUP($B4,Sheet2!$A:$E,4,0) -> 66 | F4: =VLOOKUP($B4,Sheet2!$A:$E,5,0) -> 81 | G4: =VLOOKUP($B4,Sheet2!$A:$G,7,0) -> 71 | H4: =VLOOKUP($B4,Sheet2!$A:$G,6,0) -> 53
A5: 230105 | B5: 刁艺翔 | C5: =VLOOKUP($B5,Sheet2!$A:$E,2,0) -> 69 | D5: =VLOOKUP($B5,Sheet2!$A:$E,3,0) -> 63 | E5: =VLOOKUP($B5,Sheet2!$A:$E,4,0) -> 50.5 | F5: =VLOOKUP($B5,Sheet2!$A:$E,5,0) -> 67 | G5: =VLOOKUP($B5,Sheet2!$A:$G,7,0) -> 64 | H5: =VLOOKUP($B5,Sheet2!$A:$G,6,0) -> 55
A6: 230106 | B6: 范文翔 | C6: =VLOOKUP($B6,Sheet2!$A:$E,2,0) -> 57 | D6: =VLOOKUP($B6,Sheet2!$A:$E,3,0) -> 68 | E6: =VLOOKUP($B6,Sheet2!$A:$E,4,0) -> 73 | F6: =VLOOKUP($B6,Sheet2!$A:$E,5,0) -> 46 | G6: =VLOOKUP($B6,Sheet2!$A:$G,7,0) -> 51 | H6: =VLOOKUP($B6,Sheet2!$A:$G,6,0) -> 34
A7: 230108 | B7: 范子沫 | C7: =VLOOKUP($B7,Sheet2!$A:$E,2,0) -> 97 | D7: =VLOOKUP($B7,Sheet2!$A:$E,3,0) -> 91 | E7: =VLOOKUP($B7,Sheet2!$A:$E,4,0) -> 97 | F7: =VLOOKUP($B7,Sheet2!$A:$E,5,0) -> 80 | G7: =VLOOKUP($B7,Sheet2!$A:$G,7,0) -> 76 | H7: =VLOOKUP($B7,Sheet2!$A:$G,6,0) -> 74
A8: 230109 | B8: 冯浚杰 | C8: =VLOOKUP($B8,Sheet2!$A:$E,2,0) -> 91 | D8: =VLOOKUP($B8,Sheet2!$A:$E,3,0) -> 71 | E8: =VLOOKUP($B8,Sheet2!$A:$E,4,0) -> 65.5 | F8: =VLOOKUP($B8,Sheet2!$A:$E,5,0) -> 48 | G8: =VLOOKUP($B8,Sheet2!$A:$G,7,0) -> 59 | H8: =VLOOKUP($B8,Sheet2!$A:$G,6,0) -> 49
A9: 230110 | B9: 黄欢畅 | C9: =VLOOKUP($B9,Sheet2!$A:$E,2,0) -> 73.5 | D9: =VLOOKUP($B9,Sheet2!$A:$E,3,0) -> 86 | E9: =VLOOKUP($B9,Sheet2!$A:$E,4,0) -> 36 | F9: =VLOOKUP($B9,Sheet2!$A:$E,5,0) -> 76 | G9: =VLOOKUP($B9,Sheet2!$A:$G,7,0) -> 56 | H9: =VLOOKUP($B9,Sheet2!$A:$G,6,0) -> 60
A10: 230111 | B10: 黄天佑 | C10: =VLOOKUP($B10,Sheet2!$A:$E,2,0) -> 90 | D10: =VLOOKUP($B10,Sheet2!$A:$E,3,0) -> 96 | E10: =VLOOKUP($B10,Sheet2!$A:$E,4,0) -> 105 | F10: =VLOOKUP($B10,Sheet2!$A:$E,5,0) -> 87 | G10: =VLOOKUP($B10,Sheet2!$A:$G,7,0) -> 77 | H10: =VLOOKUP($B10,Sheet2!$A:$G,6,0) -> 66
A11: 230112 | B11: 姜晨旭 | C11: =VLOOKUP($B11,Sheet2!$A:$E,2,0) -> 61 | D11: =VLOOKUP($B11,Sheet2!$A:$E,3,0) -> 44 | E11: =VLOOKUP($B11,Sheet2!$A:$E,4,0) -> 53 | F11: =VLOOKUP($B11,Sheet2!$A:$E,5,0) -> 53 | G11: =VLOOKUP($B11,Sheet2!$A:$G,7,0) -> 40 | H11: =VLOOKUP($B11,Sheet2!$A:$G,6,0) -> 32
A12: 230114 | B12: 李浩森 | C12: =VLOOKUP($B12,Sheet2!$A:$E,2,0) -> 54 | D12: =VLOOKUP($B12,Sheet2!$A:$E,3,0) -> 19 | E12: =VLOOKUP($B12,Sheet2!$A:$E,4,0) -> 42.5 | F12: =VLOOKUP($B12,Sheet2!$A:$E,5,0) -> 20 | G12: =VLOOKUP($B12,Sheet2!$A:$G,7,0) -> 45 | H12: =VLOOKUP($B12,Sheet2!$A:$G,6,0) -> 33
A13: 230115 | B13: 李鸣冲 | C13: =VLOOKUP($B13,Sheet2!$A:$E,2,0) -> 94 | D13: =VLOOKUP($B13,Sheet2!$A:$E,3,0) -> 76 | E13: =VLOOKUP($B13,Sheet2!$A:$E,4,0) -> 78.5 | F13: =VLOOKUP($B13,Sheet2!$A:$E,5,0) -> 65 | G13: =VLOOKUP($B13,Sheet2!$A:$G,7,0) -> 67 | H13: =VLOOKUP($B13,Sheet2!$A:$G,6,0) -> 68
... A800: 231944 | B800: 周彦彤 | C800: =VLOOKUP($B800,Sheet2!$A:$E,2,0) -> 110 | D800: =VLOOKUP($B800,Sheet2!$A:$E,3,0) -> 102 | E800: =VLOOKUP($B800,Sheet2!$A:$E,4,0) -> 118.5 | F800: =VLOOKUP($B800,Sheet2!$A:$E,5,0) -> 89 | G800: =VLOOKUP($B800,Sheet2!$A:$G,7,0) -> 84 | H800: =VLOOKUP($B800,Sheet2!$A:$G,6,0) -> 85

Sheet Sheet2
A1: 姓名 | B1: 语文 | C1: 数学 | D1: 英语 | E1: 物理 | F1: 历史 | G1: 道德与法治
B2: 得分 | C2: 得分 | D2: 得分 | E2: 得分 | F2: 得分 | G2: 得分
A3: 何思璇 | B3: 114 | C3: 119 | D3: 113.5 | E3: 88 | F3: 90 | G3: 84
A4: 冯梓皓 | B4: 113 | C4: 114 | D4: 118.5 | E4: 89 | F4: 84 | G4: 90
A5: 陈迎菲 | B5: 118 | C5: 109 | D5: 117 | E5: 88 | F5: 88 | G5: 87
A6: 鲁可倾 | B6: 115 | C6: 118 | D6: 115.5 | E6: 88 | F6: 87 | G6: 82
A7: 刘彧恺 | B7: 117 | C7: 116 | D7: 113 | E7: 89 | F7: 86 | G7: 84
A8: 王泓颖 | B8: 117.5 | C8: 114 | D8: 115 | E8: 87 | F8: 85 | G8: 80
A9: 张艺菱 | B9: 102 | C9: 116 | D9: 119 | E9: 85 | F9: 88 | G9: 88
A10: 郭书祎 | B10: 104 | C10: 119 | D10: 114 | E10: 87 | F10: 87 | G10: 85
A11: 吕祉诺 | B11: 113 | C11: 117 | D11: 114 | E11: 89 | F11: 88 | G11: 75
A12: 李佳妍 | B12: 109 | C12: 118 | D12: 111 | E12: 90 | F12: 85 | G12: 83
A13: 李卓烜 | B13: 108 | C13: 115 | D13: 114 | E13: 89 | F13: 86 | G13: 84
A14: 李知与 | B14: 107 | C14: 114 | D14: 117 | E14: 85 | F14: 86 | G14: 86
... A807: 吴雪婷 | B807: 66 | C807: 16 | D807: 31 | E807: 23 | F807: 37 | G807: 37
A808: 许芷晴 | B808: 未扫，不计排名 | C808: 未扫，不计排名 | D808: 未扫，不计排名 | E808: 未扫，不计排名 | F808: 未扫，不计排名 | G808: 未扫，不计排名
A809: 朱恒锋 | B809: 未扫，不计排名 | C809: 未扫，不计排名 | D809: 未扫，不计排名 | E809: 未扫，不计排名 | F809: 未扫，不计排名 | G809: 未扫，不计排名
A810: 黄珷珺 | B810: 68 | C810: 77 | D810: 未扫，不计排名 | E810: 未扫，不计排名 | F810: 未扫，不计排名 | G810: 69
A811: 钟毓 | B811: 未扫，不计排名 | C811: 未扫，不计排名 | D811: 未扫，不计排名 | E811: 未扫，不计排名 | F811: 未扫，不计排名 | G811: 未扫，不计排名
A812: 许耀丹 | B812: 未扫，不计排名 | C812: 未扫，不计排名 | D812: 未扫，不计排名 | E812: 未扫，不计排名 | F812: 未扫，不计排名 | G812: 未扫，不计排名
A813: 张紫萱 | B813: 未扫，不计排名 | C813: 未扫，不计排名 | D813: 未扫，不计排名 | E813: 未扫，不计排名 | F813: 未扫，不计排名 | G813: 未扫，不计排名
A814: 黄睿曜 | B814: 86 | C814: 98 | D814: 未扫，不计排名 | E814: 未扫，不计排名 | F814: 未扫，不计排名 | G814: 82
