Workbook
Name 切片器_班型: #N/A
Name 九年级10班: 各班学生名单!$N$5:$N$49
Name 九年级11班: 各班学生名单!$O$5:$O$49
Name 九年级12班: 各班学生名单!$P$5:$P$49
Name 九年级13班: 各班学生名单!$Q$5:$Q$49
Name 九年级14班: 各班学生名单!$R$5:$R$49
Name 九年级15班: 各班学生名单!$S$5:$S$49
Name 九年级16班: 各班学生名单!$T$5:$T$49
Name 九年级17班: 各班学生名单!$U$5:$U$49
Name 九年级18班: 各班学生名单!$V$5:$V$49
Name 九年级19班: 各班学生名单!$W$5:$W$49
Name 九年级1班: 各班学生名单!$E$5:$E$49
Name 九年级2班: 各班学生名单!$F$5:$F$49
Name 九年级3班: 各班学生名单!$G$5:$G$49
Name 九年级4班: 各班学生名单!$H$5:$H$49
Name 九年级5班: 各班学生名单!$I$5:$I$49
Name 九年级6班: 各班学生名单!$J$5:$J$49
Name 九年级7班: 各班学生名单!$K$5:$K$49
Name 九年级8班: 各班学生名单!$L$5:$L$49
Name 九年级9班: 各班学生名单!$M$5:$M$49

Sheet 学生个人成绩分析看板
D2: =E4&" "&G4&" 学业水平跟踪档案统计与分析" -> 九年级19班 刘彧恺 学业水平跟踪档案统计与分析
D4: 班级 | E4: 九年级19班 | F4: 学生姓名 | G4: 刘彧恺 | H4: 考试日期 | I4: 46108 | L4: =_xlfn.XLOOKUP(G4,表成绩单[姓名],表成绩单[准考证号],"",0) -> 19173522
D6: 科目 | E6: 满分 | F6: 最高分 | G6: 平均分 | H6: 学生得分 | I6: 得分情况 | J6: 校排 | L6: 各科成绩分析-雷达图
D7: 语文 | E7: =_xlfn.XLOOKUP(学生个人成绩分析看板!$D7,表满分成绩[科目],表满分成绩[满分],"",0) -> 120 | F7: =IFERROR(_xlfn.MAXIFS(INDIRECT(_xlfn.CONCAT("表成绩单[",$D7,"]")),表成绩单[考试日期],$I$4),"") -> 117 | G7: =IFERROR(AVERAGEIFS(INDIRECT(_xlfn.CONCAT("表成绩单[",$D7,"]")),表成绩单[考试日期],$I$4),"") -> 93.876276 | H7: {=_xlfn.XLOOKUP($I$4&$L$4,表成绩单[考试日期]&表成绩单[准考证号],INDIRECT(_xlfn.CONCAT("表成绩单[",$D7,"]")),"",0)} -> 109 | I7: =IF(学生个人成绩分析看板!$H7>学生个人成绩分析看板!$G7,1,0) -> 1 | J7: {=_xlfn.XLOOKUP($I$4&$L$4,表成绩单[考试日期]&表成绩单[准考证号],INDIRECT(_xlfn.CONCAT("表成绩单[",$D7,"校排]")),"",0)} -> 40
D8: 数学 | E8: =_xlfn.XLOOKUP(学生个人成绩分析看板!$D8,表满分成绩[科目],表满分成绩[满分],"",0) -> 120 | F8: =IFERROR(_xlfn.MAXIFS(INDIRECT(_xlfn.CONCAT("表成绩单[",$D8,"]")),表成绩单[考试日期],$I$4),"") -> 113 | G8: =IFERROR(AVERAGEIFS(INDIRECT(_xlfn.CONCAT("表成绩单[",$D8,"]")),表成绩单[考试日期],$I$4),"") -> 85.765006 | H8: {=_xlfn.XLOOKUP($I$4&$L$4,表成绩单[考试日期]&表成绩单[准考证号],INDIRECT(_xlfn.CONCAT("表成绩单[",$D8,"]")),"",0)} -> 111 | I8: =IF(学生个人成绩分析看板!$H8>学生个人成绩分析看板!$G8,1,0) -> 1 | J8: {=_xlfn.XLOOKUP($I$4&$L$4,表成绩单[考试日期]&表成绩单[准考证号],INDIRECT(_xlfn.CONCAT("表成绩单[",$D8,"校排]")),"",0)} -> 7
D9: 英语 | E9: =_xlfn.XLOOKUP(学生个人成绩分析看板!$D9,表满分成绩[科目],表满分成绩[满分],"",0) -> 90 | F9: =IFERROR(_xlfn.MAXIFS(INDIRECT(_xlfn.CONCAT("表成绩单[",$D9,"]")),表成绩单[考试日期],$I$4),"") -> 88.5 | G9: =IFERROR(AVERAGEIFS(INDIRECT(_xlfn.CONCAT("表成绩单[",$D9,"]")),表成绩单[考试日期],$I$4),"") -> 71.749362 | H9: {=_xlfn.XLOOKUP($I$4&$L$4,表成绩单[考试日期]&表成绩单[准考证号],INDIRECT(_xlfn.CONCAT("表成绩单[",$D9,"]")),"",0)} -> 87.5 | I9: =IF(学生个人成绩分析看板!$H9>学生个人成绩分析看板!$G9,1,0) -> 1 | J9: {=_xlfn.XLOOKUP($I$4&$L$4,表成绩单[考试日期]&表成绩单[准考证号],INDIRECT(_xlfn.CONCAT("表成绩单[",$D9,"校排]")),"",0)} -> 6
D10: 物理 | E10: =_xlfn.XLOOKUP(学生个人成绩分析看板!$D10,表满分成绩[科目],表满分成绩[满分],"",0) -> 90 | F10: =IFERROR(_xlfn.MAXIFS(INDIRECT(_xlfn.CONCAT("表成绩单[",$D10,"]")),表成绩单[考试日期],$I$4),"") -> 90 | G10: =IFERROR(AVERAGEIFS(INDIRECT(_xlfn.CONCAT("表成绩单[",$D10,"]")),表成绩单[考试日期],$I$4),"") -> 73.664968 | H10: {=_xlfn.XLOOKUP($I$4&$L$4,表成绩单[考试日期]&表成绩单[准考证号],INDIRECT(_xlfn.CONCAT("表成绩单[",$D10,"]")),"",0)} -> 85 | I10: =IF(学生个人成绩分析看板!$H10>学生个人成绩分析看板!$G10,1,0) -> 1 | J10: {=_xlfn.XLOOKUP($I$4&$L$4,表成绩单[考试日期]&表成绩单[准考证号],INDIRECT(_xlfn.CONCAT("表成绩单[",$D10,"校排]")),"",0)} -> 105
D11: 化学 | E11: =_xlfn.XLOOKUP(学生个人成绩分析看板!$D11,表满分成绩[科目],表满分成绩[满分],"",0) -> 90 | F11: =IFERROR(_xlfn.MAXIFS(INDIRECT(_xlfn.CONCAT("表成绩单[",$D11,"]")),表成绩单[考试日期],$I$4),"") -> 89 | G11: =IFERROR(AVERAGEIFS(INDIRECT(_xlfn.CONCAT("表成绩单[",$D11,"]")),表成绩单[考试日期],$I$4),"") -> 62.152866 | H11: {=_xlfn.XLOOKUP($I$4&$L$4,表成绩单[考试日期]&表成绩单[准考证号],INDIRECT(_xlfn.CONCAT("表成绩单[",$D11,"]")),"",0)} -> 85 | I11: =IF(学生个人成绩分析看板!$H11>学生个人成绩分析看板!$G11,1,0) -> 1 | J11: {=_xlfn.XLOOKUP($I$4&$L$4,表成绩单[考试日期]&表成绩单[准考证号],INDIRECT(_xlfn.CONCAT("表成绩单[",$D11,"校排]")),"",0)} -> 4
D12: 政治 | E12: =_xlfn.XLOOKUP(学生个人成绩分析看板!$D12,表满分成绩[科目],表满分成绩[满分],"",0) -> 90 | F12: =IFERROR(_xlfn.MAXIFS(INDIRECT(_xlfn.CONCAT("表成绩单[",$D12,"]")),表成绩单[考试日期],$I$4),"") -> 88 | G12: =IFERROR(AVERAGEIFS(INDIRECT(_xlfn.CONCAT("表成绩单[",$D12,"]")),表成绩单[考试日期],$I$4),"") -> 72.446999 | H12: {=_xlfn.XLOOKUP($I$4&$L$4,表成绩单[考试日期]&表成绩单[准考证号],INDIRECT(_xlfn.CONCAT("表成绩单[",$D12,"]")),"",0)} -> 82 | I12: =IF(学生个人成绩分析看板!$H12>学生个人成绩分析看板!$G12,1,0) -> 1 | J12: {=_xlfn.XLOOKUP($I$4&$L$4,表成绩单[考试日期]&表成绩单[准考证号],INDIRECT(_xlfn.CONCAT("表成绩单[",$D12,"校排]")),"",0)} -> 45
D13: 历史 | E13: =_xlfn.XLOOKUP(学生个人成绩分析看板!$D13,表满分成绩[科目],表满分成绩[满分],"",0) -> 90 | F13: =IFERROR(_xlfn.MAXIFS(INDIRECT(_xlfn.CONCAT("表成绩单[",$D13,"]")),表成绩单[考试日期],$I$4),"") -> 88 | G13: =IFERROR(AVERAGEIFS(INDIRECT(_xlfn.CONCAT("表成绩单[",$D13,"]")),表成绩单[考试日期],$I$4),"") -> 73.020434 | H13: {=_xlfn.XLOOKUP($I$4&$L$4,表成绩单[考试日期]&表成绩单[准考证号],INDIRECT(_xlfn.CONCAT("表成绩单[",$D13,"]")),"",0)} -> 83 | I13: =IF(学生个人成绩分析看板!$H13>学生个人成绩分析看板!$G13,1,0) -> 1 | J13: {=_xlfn.XLOOKUP($I$4&$L$4,表成绩单[考试日期]&表成绩单[准考证号],INDIRECT(_xlfn.CONCAT("表成绩单[",$D13,"校排]")),"",0)} -> 60
D14: 总分 | E14: =SUBTOTAL(109,学生个人成绩分析看板!$E$7:$E$13) -> 690 | F14: =SUBTOTAL(109,学生个人成绩分析看板!$F$7:$F$13) -> 673.5 | G14: =SUBTOTAL(101,学生个人成绩分析看板!$G$7:$G$13) -> 76.096559 | H14: =SUBTOTAL(109,学生个人成绩分析看板!$H$7:$H$13) -> 642.5 | I14: =IF(学生个人成绩分析看板!$H$14>学生个人成绩分析看板!$G$14,1,0) -> 1 | J14: {=_xlfn.XLOOKUP($I$4&$L$4,表成绩单[考试日期]&表成绩单[准考证号],INDIRECT(_xlfn.CONCAT("表成绩单[",$D13,"校排]")),"",0)} -> 60
D16: 排行榜分析
D19: 成绩对比分析（得分）
D22: 成绩对比分析（排名）

Sheet 学生个人成绩统计表
D2: =F4&" "&K4&" 个人成绩统计表" -> 九年级11班 罗加薇 个人成绩统计表
D4: 学生班级： | F4: 九年级11班 | H4: 学生姓名： | K4: 罗加薇 | N4: 准考证号： | Q4: =_xlfn.XLOOKUP(K4,表成绩单[姓名],表成绩单[准考证号],"",0) -> 19178630
D5: 考试日期 | E5: 参考人数 | F5: 班级 | G5: 语文 | H5: 语文校排 | I5: 数学 | J5: 数学校排 | K5: 英语 | L5: 英语校排 | M5: 物理 | N5: 物理校排 | O5: 化学 | P5: 化学校排 | Q5: 政治 | R5: 政治校排 | S5: 历史 | T5: 历史校排 | U5: 总分 | V5: 总分校排
D6: 45975 | E6: =IF(表7[[#This Row],[考试日期]]="","",COUNTIFS(表成绩单[考试日期],表7[[#This Row],[考试日期]])) -> 801 | F6: =IF(表7[[#This Row],[考试日期]]="","",$F$4) -> 九年级11班 | G6: {=_xlfn.XLOOKUP(表7[[#This Row],[考试日期]]&$Q$4,表成绩单[考试日期]&表成绩单[准考证号],INDIRECT(_xlfn.CONCAT("表成绩单[",G$5,"]")),"",0)} -> 104 | H6: {=_xlfn.XLOOKUP(表7[[#This Row],[考试日期]]&$Q$4,表成绩单[考试日期]&表成绩单[准考证号],INDIRECT(_xlfn.CONCAT("表成绩单[",H$5,"]")),"",0)} -> 104 | I6: {=_xlfn.XLOOKUP(表7[[#This Row],[考试日期]]&$Q$4,表成绩单[考试日期]&表成绩单[准考证号],INDIRECT(_xlfn.CONCAT("表成绩单[",I$5,"]")),"",0)} -> 109 | J6: {=_xlfn.XLOOKUP(表7[[#This Row],[考试日期]]&$Q$4,表成绩单[考试日期]&表成绩单[准考证号],INDIRECT(_xlfn.CONCAT("表成绩单[",J$5,"]")),"",0)} -> 165 | K6: {=_xlfn.XLOOKUP(表7[[#This Row],[考试日期]]&$Q$4,表成绩单[考试日期]&表成绩单[准考证号],INDIRECT(_xlfn.CONCAT("表成绩单[",K$5,"]")),"",0)} -> 81 | L6: {=_xlfn.XLOOKUP(表7[[#This Row],[考试日期]]&$Q$4,表成绩单[考试日期]&表成绩单[准考证号],INDIRECT(_xlfn.CONCAT("表成绩单[",L$5,"]")),"",0)} -> 241 | M6: {=_xlfn.XLOOKUP(表7[[#This Row],[考试日期]]&$Q$4,表成绩单[考试日期]&表成绩单[准考证号],INDIRECT(_xlfn.CONCAT("表成绩单[",M$5,"]")),"",0)} -> 85 | N6: {=_xlfn.XLOOKUP(表7[[#This Row],[考试日期]]&$Q$4,表成绩单[考试日期]&表成绩单[准考证号],INDIRECT(_xlfn.CONCAT("表成绩单[",N$5,"]")),"",0)} -> 263 | ... V6: {=_xlfn.XLOOKUP(表7[[#This Row],[考试日期]]&$Q$4,表成绩单[考试日期]&表成绩单[准考证号],INDIRECT(_xlfn.CONCAT("表成绩单[",V$5,"]")),"",0)} -> 136
D7: 46003 | E7: =IF(表7[[#This Row],[考试日期]]="","",COUNTIFS(表成绩单[考试日期],表7[[#This Row],[考试日期]])) -> 801 | F7: =IF(表7[[#This Row],[考试日期]]="","",$F$4) -> 九年级11班 | G7: {=_xlfn.XLOOKUP(表7[[#This Row],[考试日期]]&$Q$4,表成绩单[考试日期]&表成绩单[准考证号],INDIRECT(_xlfn.CONCAT("表成绩单[",G$5,"]")),"",0)} -> 106 | H7: {=_xlfn.XLOOKUP(表7[[#This Row],[考试日期]]&$Q$4,表成绩单[考试日期]&表成绩单[准考证号],INDIRECT(_xlfn.CONCAT("表成绩单[",H$5,"]")),"",0)} -> 210 | I7: {=_xlfn.XLOOKUP(表7[[#This Row],[考试日期]]&$Q$4,表成绩单[考试日期]&表成绩单[准考证号],INDIRECT(_xlfn.CONCAT("表成绩单[",I$5,"]")),"",0)} -> 87 | J7: {=_xlfn.XLOOKUP(表7[[#This Row],[考试日期]]&$Q$4,表成绩单[考试日期]&表成绩单[准考证号],INDIRECT(_xlfn.CONCAT("表成绩单[",J$5,"]")),"",0)} -> 223 | K7: {=_xlfn.XLOOKUP(表7[[#This Row],[考试日期]]&$Q$4,表成绩单[考试日期]&表成绩单[准考证号],INDIRECT(_xlfn.CONCAT("表成绩单[",K$5,"]")),"",0)} -> 84.5 | L7: {=_xlfn.XLOOKUP(表7[[#This Row],[考试日期]]&$Q$4,表成绩单[考试日期]&表成绩单[准考证号],INDIRECT(_xlfn.CONCAT("表成绩单[",L$5,"]")),"",0)} -> 37 | M7: {=_xlfn.XLOOKUP(表7[[#This Row],[考试日期]]&$Q$4,表成绩单[考试日期]&表成绩单[准考证号],INDIRECT(_xlfn.CONCAT("表成绩单[",M$5,"]")),"",0)} -> 94 | N7: {=_xlfn.XLOOKUP(表7[[#This Row],[考试日期]]&$Q$4,表成绩单[考试日期]&表成绩单[准考证号],INDIRECT(_xlfn.CONCAT("表成绩单[",N$5,"]")),"",0)} -> 125 | ... V7: {=_xlfn.XLOOKUP(表7[[#This Row],[考试日期]]&$Q$4,表成绩单[考试日期]&表成绩单[准考证号],INDIRECT(_xlfn.CONCAT("表成绩单[",V$5,"]")),"",0)} -> 107
D8: 46030 | E8: =IF(表7[[#This Row],[考试日期]]="","",COUNTIFS(表成绩单[考试日期],表7[[#This Row],[考试日期]])) -> 801 | F8: =IF(表7[[#This Row],[考试日期]]="","",$F$4) -> 九年级11班 | G8: {=_xlfn.XLOOKUP(表7[[#This Row],[考试日期]]&$Q$4,表成绩单[考试日期]&表成绩单[准考证号],INDIRECT(_xlfn.CONCAT("表成绩单[",G$5,"]")),"",0)} -> 102 | H8: {=_xlfn.XLOOKUP(表7[[#This Row],[考试日期]]&$Q$4,表成绩单[考试日期]&表成绩单[准考证号],INDIRECT(_xlfn.CONCAT("表成绩单[",H$5,"]")),"",0)} -> 132 | I8: {=_xlfn.XLOOKUP(表7[[#This Row],[考试日期]]&$Q$4,表成绩单[考试日期]&表成绩单[准考证号],INDIRECT(_xlfn.CONCAT("表成绩单[",I$5,"]")),"",0)} -> 102 | J8: {=_xlfn.XLOOKUP(表7[[#This Row],[考试日期]]&$Q$4,表成绩单[考试日期]&表成绩单[准考证号],INDIRECT(_xlfn.CONCAT("表成绩单[",J$5,"]")),"",0)} -> 95 | K8: {=_xlfn.XLOOKUP(表7[[#This Row],[考试日期]]&$Q$4,表成绩单[考试日期]&表成绩单[准考证号],INDIRECT(_xlfn.CONCAT("表成绩单[",K$5,"]")),"",0)} -> 76.5 | L8: {=_xlfn.XLOOKUP(表7[[#This Row],[考试日期]]&$Q$4,表成绩单[考试日期]&表成绩单[准考证号],INDIRECT(_xlfn.CONCAT("表成绩单[",L$5,"]")),"",0)} -> 120 | M8: {=_xlfn.XLOOKUP(表7[[#This Row],[考试日期]]&$Q$4,表成绩单[考试日期]&表成绩单[准考证号],INDIRECT(_xlfn.CONCAT("表成绩单[",M$5,"]")),"",0)} -> 79 | N8: {=_xlfn.XLOOKUP(表7[[#This Row],[考试日期]]&$Q$4,表成绩单[考试日期]&表成绩单[准考证号],INDIRECT(_xlfn.CONCAT("表成绩单[",N$5,"]")),"",0)} -> 153 | ... V8: {=_xlfn.XLOOKUP(表7[[#This Row],[考试日期]]&$Q$4,表成绩单[考试日期]&表成绩单[准考证号],INDIRECT(_xlfn.CONCAT("表成绩单[",V$5,"]")),"",0)} -> 62
D9: 46108 | E9: =IF(表7[[#This Row],[考试日期]]="","",COUNTIFS(表成绩单[考试日期],表7[[#This Row],[考试日期]])) -> 798 | F9: =IF(表7[[#This Row],[考试日期]]="","",$F$4) -> 九年级11班 | G9: {=_xlfn.XLOOKUP(表7[[#This Row],[考试日期]]&$Q$4,表成绩单[考试日期]&表成绩单[准考证号],INDIRECT(_xlfn.CONCAT("表成绩单[",G$5,"]")),"",0)} -> 104 | H9: {=_xlfn.XLOOKUP(表7[[#This Row],[考试日期]]&$Q$4,表成绩单[考试日期]&表成绩单[准考证号],INDIRECT(_xlfn.CONCAT("表成绩单[",H$5,"]")),"",0)} -> 131 | I9: {=_xlfn.XLOOKUP(表7[[#This Row],[考试日期]]&$Q$4,表成绩单[考试日期]&表成绩单[准考证号],INDIRECT(_xlfn.CONCAT("表成绩单[",I$5,"]")),"",0)} -> 104 | J9: {=_xlfn.XLOOKUP(表7[[#This Row],[考试日期]]&$Q$4,表成绩单[考试日期]&表成绩单[准考证号],INDIRECT(_xlfn.CONCAT("表成绩单[",J$5,"]")),"",0)} -> 68 | K9: {=_xlfn.XLOOKUP(表7[[#This Row],[考试日期]]&$Q$4,表成绩单[考试日期]&表成绩单[准考证号],INDIRECT(_xlfn.CONCAT("表成绩单[",K$5,"]")),"",0)} -> 83 | L9: {=_xlfn.XLOOKUP(表7[[#This Row],[考试日期]]&$Q$4,表成绩单[考试日期]&表成绩单[准考证号],INDIRECT(_xlfn.CONCAT("表成绩单[",L$5,"]")),"",0)} -> 134 | M9: {=_xlfn.XLOOKUP(表7[[#This Row],[考试日期]]&$Q$4,表成绩单[考试日期]&表成绩单[准考证号],INDIRECT(_xlfn.CONCAT("表成绩单[",M$5,"]")),"",0)} -> 86 | N9: {=_xlfn.XLOOKUP(表7[[#This Row],[考试日期]]&$Q$4,表成绩单[考试日期]&表成绩单[准考证号],INDIRECT(_xlfn.CONCAT("表成绩单[",N$5,"]")),"",0)} -> 61 | ... V9: {=_xlfn.XLOOKUP(表7[[#This Row],[考试日期]]&$Q$4,表成绩单[考试日期]&表成绩单[准考证号],INDIRECT(_xlfn.CONCAT("表成绩单[",V$5,"]")),"",0)} -> 31
E10: =IF(表7[[#This Row],[考试日期]]="","",COUNTIFS(表成绩单[考试日期],表7[[#This Row],[考试日期]])) | F10: =IF(表7[[#This Row],[考试日期]]="","",$F$4) | G10: {=_xlfn.XLOOKUP(表7[[#This Row],[考试日期]]&$Q$4,表成绩单[考试日期]&表成绩单[准考证号],INDIRECT(_xlfn.CONCAT("表成绩单[",G$5,"]")),"",0)} | H10: {=_xlfn.XLOOKUP(表7[[#This Row],[考试日期]]&$Q$4,表成绩单[考试日期]&表成绩单[准考证号],INDIRECT(_xlfn.CONCAT("表成绩单[",H$5,"]")),"",0)} | I10: {=_xlfn.XLOOKUP(表7[[#This Row],[考试日期]]&$Q$4,表成绩单[考试日期]&表成绩单[准考证号],INDIRECT(_xlfn.CONCAT("表成绩单[",I$5,"]")),"",0)} | J10: {=_xlfn.XLOOKUP(表7[[#This Row],[考试日期]]&$Q$4,表成绩单[考试日期]&表成绩单[准考证号],INDIRECT(_xlfn.CONCAT("表成绩单[",J$5,"]")),"",0)} | K10: {=_xlfn.XLOOKUP(表7[[#This Row],[考试日期]]&$Q$4,表成绩单[考试日期]&表成绩单[准考证号],INDIRECT(_xlfn.CONCAT("表成绩单[",K$5,"]")),"",0)} | L10: {=_xlfn.XLOOKUP(表7[[#This Row],[考试日期]]&$Q$4,表成绩单[考试日期]&表成绩单[准考证号],INDIRECT(_xlfn.CONCAT("表成绩单[",L$5,"]")),"",0)} | M10: {=_xlfn.XLOOKUP(表7[[#This Row],[考试日期]]&$Q$4,表成绩单[考试日期]&表成绩单[准考证号],INDIRECT(_xlfn.CONCAT("表成绩单[",M$5,"]")),"",0)} | N10: {=_xlfn.XLOOKUP(表7[[#This Row],[考试日期]]&$Q$4,表成绩单[考试日期]&表成绩单[准考证号],INDIRECT(_xlfn.CONCAT("表成绩单[",N$5,"]")),"",0)} | ... V10: {=_xlfn.XLOOKUP(表7[[#This Row],[考试日期]]&$Q$4,表成绩单[考试日期]&表成绩单[准考证号],INDIRECT(_xlfn.CONCAT("表成绩单[",V$5,"]")),"",0)}
E11: =IF(表7[[#This Row],[考试日期]]="","",COUNTIFS(表成绩单[考试日期],表7[[#This Row],[考试日期]])) | F11: =IF(表7[[#This Row],[考试日期]]="","",$F$4) | G11: {=_xlfn.XLOOKUP(表7[[#This Row],[考试日期]]&$Q$4,表成绩单[考试日期]&表成绩单[准考证号],INDIRECT(_xlfn.CONCAT("表成绩单[",G$5,"]")),"",0)} | H11: {=_xlfn.XLOOKUP(表7[[#This Row],[考试日期]]&$Q$4,表成绩单[考试日期]&表成绩单[准考证号],INDIRECT(_xlfn.CONCAT("表成绩单[",H$5,"]")),"",0)} | I11: {=_xlfn.XLOOKUP(表7[[#This Row],[考试日期]]&$Q$4,表成绩单[考试日期]&表成绩单[准考证号],INDIRECT(_xlfn.CONCAT("表成绩单[",I$5,"]")),"",0)} | J11: {=_xlfn.XLOOKUP(表7[[#This Row],[考试日期]]&$Q$4,表成绩单[考试日期]&表成绩单[准考证号],INDIRECT(_xlfn.CONCAT("表成绩单[",J$5,"]")),"",0)} | K11: {=_xlfn.XLOOKUP(表7[[#This Row],[考试日期]]&$Q$4,表成绩单[考试日期]&表成绩单[准考证号],INDIRECT(_xlfn.CONCAT("表成绩单[",K$5,"]")),"",0)} | L11: {=_xlfn.XLOOKUP(表7[[#This Row],[考试日期]]&$Q$4,表成绩单[考试日期]&表成绩单[准考证号],INDIRECT(_xlfn.CONCAT("表成绩单[",L$5,"]")),"",0)} | M11: {=_xlfn.XLOOKUP(表7[[#This Row],[考试日期]]&$Q$4,表成绩单[考试日期]&表成绩单[准考证号],INDIRECT(_xlfn.CONCAT("表成绩单[",M$5,"]")),"",0)} | N11: {=_xlfn.XLOOKUP(表7[[#This Row],[考试日期]]&$Q$4,表成绩单[考试日期]&表成绩单[准考证号],INDIRECT(_xlfn.CONCAT("表成绩单[",N$5,"]")),"",0)} | ... V11: {=_xlfn.XLOOKUP(表7[[#This Row],[考试日期]]&$Q$4,表成绩单[考试日期]&表成绩单[准考证号],INDIRECT(_xlfn.CONCAT("表成绩单[",V$5,"]")),"",0)}
F12: 均分 | G12: =SUBTOTAL(101,表7[语文]) -> 104 | H12: =SUBTOTAL(101,表7[语文校排]) -> 144.25 | I12: =SUBTOTAL(101,表7[数学]) -> 100.5 | J12: =SUBTOTAL(101,表7[数学校排]) -> 137.75 | K12: =SUBTOTAL(101,表7[英语]) -> 81.25 | L12: =SUBTOTAL(101,表7[英语校排]) -> 133 | M12: =SUBTOTAL(101,表7[物理]) -> 86 | N12: =SUBTOTAL(101,表7[物理校排]) -> 150.5 | O12: =SUBTOTAL(101,表7[化学]) -> 79.75 | P12: =SUBTOTAL(101,表7[化学校排]) -> 159.75 | Q12: =SUBTOTAL(101,表7[政治]) -> 81.25 | R12: =SUBTOTAL(101,表7[政治校排]) -> 74.25 | S12: =SUBTOTAL(101,表7[历史]) -> 80.75 | T12: =SUBTOTAL(101,表7[历史校排]) -> 95.25 | U12: =SUBTOTAL(101,表7[总分]) -> 613.5 | V12: =SUBTOTAL(101,表7[总分校排]) -> 84
D13: 签名（分管领导）： | O13: 盖章（学校公章）：

Sheet 教学质量分析
D1: 返回◀
D2: （九年级）教学质量分析
D4: 请选科目👉 | F4: 政治 | G4: 请选择日期 | I4: 46108 | K4: 高分明细👉 | M4: =VLOOKUP($F$4,表满分成绩[#Data],3,0) -> 76.5 | N4: =VLOOKUP($F$4,表满分成绩[#Data],4,0) -> 72 | O4: =VLOOKUP($F$4,表满分成绩[#Data],5,0) -> 54 | P4: 123
D6: 序号 | E6: 班级 | F6: 班型 | G6: 参考人数 | H6: 最高分 | I6: 平均分 | J6: 超均率 | K6: 优秀人数 | L6: 优秀率% | M6: 良好人数 | N6: 良好率% | O6: 及格人数 | P6: 及格率%
D7: =ROW()-6 -> 1 | E7: 九年级1班 | F7: 创新班 | G7: {=COUNT(_xlfn.LET(_xlpm.CJ,INDIRECT(_xlfn.CONCAT("表成绩单[",$F$4,"]")),_xlfn._xlws.FILTER(_xlpm.CJ,(表成绩单[班级]=$E7)*(表成绩单[考试日期]=$I$4))))} -> 39 | H7: {=IFERROR(MAX(_xlfn.LET(_xlpm.CJ,INDIRECT(_xlfn.CONCAT("表成绩单[",$F$4,"]")),_xlfn._xlws.FILTER(_xlpm.CJ,(表成绩单[班级]=$E7)*(表成绩单[考试日期]=$I$4)))),"")} -> 81 | I7: {=IFERROR(AVERAGE(_xlfn.LET(_xlpm.CJ,INDIRECT(_xlfn.CONCAT("表成绩单[",$F$4,"]")),_xlfn._xlws.FILTER(_xlpm.CJ,(表成绩单[班级]=$E7)*(表成绩单[考试日期]=$I$4)))),"")} -> 65.435897 | J7: =IFERROR((表教学质量[[#This Row],[平均分]]-表教学质量[[#Totals],[平均分]])/表教学质量[[#Totals],[平均分]],"") -> -0.094974584 | K7: {=COUNT(_xlfn.LET(_xlpm.CJ,INDIRECT(_xlfn.CONCAT("表成绩单[",$F$4,"]")),_xlfn._xlws.FILTER(_xlpm.CJ,(表成绩单[班级]=$E7)*(_xlpm.CJ>=$M$4)*(表成绩单[考试日期]=$I$4))))} -> 3 | L7: =表教学质量[[#This Row],[优秀人数]]/表教学质量[[#This Row],[参考人数]] -> 0.076923077 | M7: {=COUNT(_xlfn.LET(_xlpm.CJ,INDIRECT(_xlfn.CONCAT("表成绩单[",$F$4,"]")),_xlfn._xlws.FILTER(_xlpm.CJ,(表成绩单[班级]=$E7)*(_xlpm.CJ>=$N$4)*(表成绩单[考试日期]=$I$4))))} -> 15 | N7: =表教学质量[[#This Row],[良好人数]]/表教学质量[[#This Row],[参考人数]] -> 0.38461538 | O7: {=COUNT(_xlfn.LET(_xlpm.CJ,INDIRECT(_xlfn.CONCAT("表成绩单[",$F$4,"]")),_xlfn._xlws.FILTER(_xlpm.CJ,(表成绩单[班级]=$E7)*(_xlpm.CJ>=$O$4)*(表成绩单[考试日期]=$I$4))))} -> 34 | P7: =表教学质量[[#This Row],[及格人数]]/表教学质量[[#This Row],[参考人数]] -> 0.87179487
D8: =ROW()-6 -> 2 | E8: 九年级2班 | F8: 创新班 | G8: {=COUNT(_xlfn.LET(_xlpm.CJ,INDIRECT(_xlfn.CONCAT("表成绩单[",$F$4,"]")),_xlfn._xlws.FILTER(_xlpm.CJ,(表成绩单[班级]=$E8)*(表成绩单[考试日期]=$I$4))))} -> 41 | H8: {=IFERROR(MAX(_xlfn.LET(_xlpm.CJ,INDIRECT(_xlfn.CONCAT("表成绩单[",$F$4,"]")),_xlfn._xlws.FILTER(_xlpm.CJ,(表成绩单[班级]=$E8)*(表成绩单[考试日期]=$I$4)))),"")} -> 77 | I8: {=IFERROR(AVERAGE(_xlfn.LET(_xlpm.CJ,INDIRECT(_xlfn.CONCAT("表成绩单[",$F$4,"]")),_xlfn._xlws.FILTER(_xlpm.CJ,(表成绩单[班级]=$E8)*(表成绩单[考试日期]=$I$4)))),"")} -> 65.731707 | J8: =IFERROR((表教学质量[[#This Row],[平均分]]-表教学质量[[#Totals],[平均分]])/表教学质量[[#Totals],[平均分]],"") -> -0.090883321 | K8: {=COUNT(_xlfn.LET(_xlpm.CJ,INDIRECT(_xlfn.CONCAT("表成绩单[",$F$4,"]")),_xlfn._xlws.FILTER(_xlpm.CJ,(表成绩单[班级]=$E8)*(_xlpm.CJ>=$M$4)*(表成绩单[考试日期]=$I$4))))} -> 2 | L8: =表教学质量[[#This Row],[优秀人数]]/表教学质量[[#This Row],[参考人数]] -> 0.048780488 | M8: {=COUNT(_xlfn.LET(_xlpm.CJ,INDIRECT(_xlfn.CONCAT("表成绩单[",$F$4,"]")),_xlfn._xlws.FILTER(_xlpm.CJ,(表成绩单[班级]=$E8)*(_xlpm.CJ>=$N$4)*(表成绩单[考试日期]=$I$4))))} -> 15 | N8: =表教学质量[[#This Row],[良好人数]]/表教学质量[[#This Row],[参考人数]] -> 0.36585366 | O8: {=COUNT(_xlfn.LET(_xlpm.CJ,INDIRECT(_xlfn.CONCAT("表成绩单[",$F$4,"]")),_xlfn._xlws.FILTER(_xlpm.CJ,(表成绩单[班级]=$E8)*(_xlpm.CJ>=$O$4)*(表成绩单[考试日期]=$I$4))))} -> 34 | P8: =表教学质量[[#This Row],[及格人数]]/表教学质量[[#This Row],[参考人数]] -> 0.82926829
D9: =ROW()-6 -> 3 | E9: 九年级3班 | F9: 创新班 | G9: {=COUNT(_xlfn.LET(_xlpm.CJ,INDIRECT(_xlfn.CONCAT("表成绩单[",$F$4,"]")),_xlfn._xlws.FILTER(_xlpm.CJ,(表成绩单[班级]=$E9)*(表成绩单[考试日期]=$I$4))))} -> 39 | H9: {=IFERROR(MAX(_xlfn.LET(_xlpm.CJ,INDIRECT(_xlfn.CONCAT("表成绩单[",$F$4,"]")),_xlfn._xlws.FILTER(_xlpm.CJ,(表成绩单[班级]=$E9)*(表成绩单[考试日期]=$I$4)))),"")} -> 80 | I9: {=IFERROR(AVERAGE(_xlfn.LET(_xlpm.CJ,INDIRECT(_xlfn.CONCAT("表成绩单[",$F$4,"]")),_xlfn._xlws.FILTER(_xlpm.CJ,(表成绩单[班级]=$E9)*(表成绩单[考试日期]=$I$4)))),"")} -> 62.948718 | J9: =IFERROR((表教学质量[[#This Row],[平均分]]-表教学质量[[#Totals],[平均分]])/表教学质量[[#Totals],[平均分]],"") -> -0.12937406 | K9: {=COUNT(_xlfn.LET(_xlpm.CJ,INDIRECT(_xlfn.CONCAT("表成绩单[",$F$4,"]")),_xlfn._xlws.FILTER(_xlpm.CJ,(表成绩单[班级]=$E9)*(_xlpm.CJ>=$M$4)*(表成绩单[考试日期]=$I$4))))} -> 2 | L9: =表教学质量[[#This Row],[优秀人数]]/表教学质量[[#This Row],[参考人数]] -> 0.051282051 | M9: {=COUNT(_xlfn.LET(_xlpm.CJ,INDIRECT(_xlfn.CONCAT("表成绩单[",$F$4,"]")),_xlfn._xlws.FILTER(_xlpm.CJ,(表成绩单[班级]=$E9)*(_xlpm.CJ>=$N$4)*(表成绩单[考试日期]=$I$4))))} -> 12 | N9: =表教学质量[[#This Row],[良好人数]]/表教学质量[[#This Row],[参考人数]] -> 0.30769231 | O9: {=COUNT(_xlfn.LET(_xlpm.CJ,INDIRECT(_xlfn.CONCAT("表成绩单[",$F$4,"]")),_xlfn._xlws.FILTER(_xlpm.CJ,(表成绩单[班级]=$E9)*(_xlpm.CJ>=$O$4)*(表成绩单[考试日期]=$I$4))))} -> 33 | P9: =表教学质量[[#This Row],[及格人数]]/表教学质量[[#This Row],[参考人数]] -> 0.84615385
D10: =ROW()-6 -> 4 | E10: 九年级4班 | F10: 创新班 | G10: {=COUNT(_xlfn.LET(_xlpm.CJ,INDIRECT(_xlfn.CONCAT("表成绩单[",$F$4,"]")),_xlfn._xlws.FILTER(_xlpm.CJ,(表成绩单[班级]=$E10)*(表成绩单[考试日期]=$I$4))))} -> 41 | H10: {=IFERROR(MAX(_xlfn.LET(_xlpm.CJ,INDIRECT(_xlfn.CONCAT("表成绩单[",$F$4,"]")),_xlfn._xlws.FILTER(_xlpm.CJ,(表成绩单[班级]=$E10)*(表成绩单[考试日期]=$I$4)))),"")} -> 81 | I10: {=IFERROR(AVERAGE(_xlfn.LET(_xlpm.CJ,INDIRECT(_xlfn.CONCAT("表成绩单[",$F$4,"]")),_xlfn._xlws.FILTER(_xlpm.CJ,(表成绩单[班级]=$E10)*(表成绩单[考试日期]=$I$4)))),"")} -> 65.829268 | J10: =IFERROR((表教学质量[[#This Row],[平均分]]-表教学质量[[#Totals],[平均分]])/表教学质量[[#Totals],[平均分]],"") -> -0.089533982 | K10: {=COUNT(_xlfn.LET(_xlpm.CJ,INDIRECT(_xlfn.CONCAT("表成绩单[",$F$4,"]")),_xlfn._xlws.FILTER(_xlpm.CJ,(表成绩单[班级]=$E10)*(_xlpm.CJ>=$M$4)*(表成绩单[考试日期]=$I$4))))} -> 5 | L10: =表教学质量[[#This Row],[优秀人数]]/表教学质量[[#This Row],[参考人数]] -> 0.12195122 | M10: {=COUNT(_xlfn.LET(_xlpm.CJ,INDIRECT(_xlfn.CONCAT("表成绩单[",$F$4,"]")),_xlfn._xlws.FILTER(_xlpm.CJ,(表成绩单[班级]=$E10)*(_xlpm.CJ>=$N$4)*(表成绩单[考试日期]=$I$4))))} -> 16 | N10: =表教学质量[[#This Row],[良好人数]]/表教学质量[[#This Row],[参考人数]] -> 0.3902439 | O10: {=COUNT(_xlfn.LET(_xlpm.CJ,INDIRECT(_xlfn.CONCAT("表成绩单[",$F$4,"]")),_xlfn._xlws.FILTER(_xlpm.CJ,(表成绩单[班级]=$E10)*(_xlpm.CJ>=$O$4)*(表成绩单[考试日期]=$I$4))))} -> 34 | P10: =表教学质量[[#This Row],[及格人数]]/表教学质量[[#This Row],[参考人数]] -> 0.82926829
D11: =ROW()-6 -> 5 | E11: 九年级5班 | F11: 创新班 | G11: {=COUNT(_xlfn.LET(_xlpm.CJ,INDIRECT(_xlfn.CONCAT("表成绩单[",$F$4,"]")),_xlfn._xlws.FILTER(_xlpm.CJ,(表成绩单[班级]=$E11)*(表成绩单[考试日期]=$I$4))))} -> 35 | H11: {=IFERROR(MAX(_xlfn.LET(_xlpm.CJ,INDIRECT(_xlfn.CONCAT("表成绩单[",$F$4,"]")),_xlfn._xlws.FILTER(_xlpm.CJ,(表成绩单[班级]=$E11)*(表成绩单[考试日期]=$I$4)))),"")} -> 79 | I11: {=IFERROR(AVERAGE(_xlfn.LET(_xlpm.CJ,INDIRECT(_xlfn.CONCAT("表成绩单[",$F$4,"]")),_xlfn._xlws.FILTER(_xlpm.CJ,(表成绩单[班级]=$E11)*(表成绩单[考试日期]=$I$4)))),"")} -> 64.742857 | J11: =IFERROR((表教学质量[[#This Row],[平均分]]-表教学质量[[#Totals],[平均分]])/表教学质量[[#Totals],[平均分]],"") -> -0.10455983 | K11: {=COUNT(_xlfn.LET(_xlpm.CJ,INDIRECT(_xlfn.CONCAT("表成绩单[",$F$4,"]")),_xlfn._xlws.FILTER(_xlpm.CJ,(表成绩单[班级]=$E11)*(_xlpm.CJ>=$M$4)*(表成绩单[考试日期]=$I$4))))} -> 1 | L11: =表教学质量[[#This Row],[优秀人数]]/表教学质量[[#This Row],[参考人数]] -> 0.028571429 | M11: {=COUNT(_xlfn.LET(_xlpm.CJ,INDIRECT(_xlfn.CONCAT("表成绩单[",$F$4,"]")),_xlfn._xlws.FILTER(_xlpm.CJ,(表成绩单[班级]=$E11)*(_xlpm.CJ>=$N$4)*(表成绩单[考试日期]=$I$4))))} -> 9 | N11: =表教学质量[[#This Row],[良好人数]]/表教学质量[[#This Row],[参考人数]] -> 0.25714286 | O11: {=COUNT(_xlfn.LET(_xlpm.CJ,INDIRECT(_xlfn.CONCAT("表成绩单[",$F$4,"]")),_xlfn._xlws.FILTER(_xlpm.CJ,(表成绩单[班级]=$E11)*(_xlpm.CJ>=$O$4)*(表成绩单[考试日期]=$I$4))))} -> 30 | P11: =表教学质量[[#This Row],[及格人数]]/表教学质量[[#This Row],[参考人数]] -> 0.85714286
D12: =ROW()-6 -> 6 | E12: 九年级6班 | F12: 格知班 | G12: {=COUNT(_xlfn.LET(_xlpm.CJ,INDIRECT(_xlfn.CONCAT("表成绩单[",$F$4,"]")),_xlfn._xlws.FILTER(_xlpm.CJ,(表成绩单[班级]=$E12)*(表成绩单[考试日期]=$I$4))))} -> 45 | H12: {=IFERROR(MAX(_xlfn.LET(_xlpm.CJ,INDIRECT(_xlfn.CONCAT("表成绩单[",$F$4,"]")),_xlfn._xlws.FILTER(_xlpm.CJ,(表成绩单[班级]=$E12)*(表成绩单[考试日期]=$I$4)))),"")} -> 80 | I12: {=IFERROR(AVERAGE(_xlfn.LET(_xlpm.CJ,INDIRECT(_xlfn.CONCAT("表成绩单[",$F$4,"]")),_xlfn._xlws.FILTER(_xlpm.CJ,(表成绩单[班级]=$E12)*(表成绩单[考试日期]=$I$4)))),"")} -> 70.355556 | J12: =IFERROR((表教学质量[[#This Row],[平均分]]-表教学质量[[#Totals],[平均分]])/表教学质量[[#Totals],[平均分]],"") -> -0.026932182 | K12: {=COUNT(_xlfn.LET(_xlpm.CJ,INDIRECT(_xlfn.CONCAT("表成绩单[",$F$4,"]")),_xlfn._xlws.FILTER(_xlpm.CJ,(表成绩单[班级]=$E12)*(_xlpm.CJ>=$M$4)*(表成绩单[考试日期]=$I$4))))} -> 8 | L12: =表教学质量[[#This Row],[优秀人数]]/表教学质量[[#This Row],[参考人数]] -> 0.17777778 | M12: {=COUNT(_xlfn.LET(_xlpm.CJ,INDIRECT(_xlfn.CONCAT("表成绩单[",$F$4,"]")),_xlfn._xlws.FILTER(_xlpm.CJ,(表成绩单[班级]=$E12)*(_xlpm.CJ>=$N$4)*(表成绩单[考试日期]=$I$4))))} -> 22 | N12: =表教学质量[[#This Row],[良好人数]]/表教学质量[[#This Row],[参考人数]] -> 0.48888889 | O12: {=COUNT(_xlfn.LET(_xlpm.CJ,INDIRECT(_xlfn.CONCAT("表成绩单[",$F$4,"]")),_xlfn._xlws.FILTER(_xlpm.CJ,(表成绩单[班级]=$E12)*(_xlpm.CJ>=$O$4)*(表成绩单[考试日期]=$I$4))))} -> 44 | P12: =表教学质量[[#This Row],[及格人数]]/表教学质量[[#This Row],[参考人数]] -> 0.97777778
D13: =ROW()-6 -> 7 | E13: 九年级7班 | F13: 格知班 | G13: {=COUNT(_xlfn.LET(_xlpm.CJ,INDIRECT(_xlfn.CONCAT("表成绩单[",$F$4,"]")),_xlfn._xlws.FILTER(_xlpm.CJ,(表成绩单[班级]=$E13)*(表成绩单[考试日期]=$I$4))))} -> 45 | H13: {=IFERROR(MAX(_xlfn.LET(_xlpm.CJ,INDIRECT(_xlfn.CONCAT("表成绩单[",$F$4,"]")),_xlfn._xlws.FILTER(_xlpm.CJ,(表成绩单[班级]=$E13)*(表成绩单[考试日期]=$I$4)))),"")} -> 82 | I13: {=IFERROR(AVERAGE(_xlfn.LET(_xlpm.CJ,INDIRECT(_xlfn.CONCAT("表成绩单[",$F$4,"]")),_xlfn._xlws.FILTER(_xlpm.CJ,(表成绩单[班级]=$E13)*(表成绩单[考试日期]=$I$4)))),"")} -> 72.888889 | J13: =IFERROR((表教学质量[[#This Row],[平均分]]-表教学质量[[#Totals],[平均分]])/表教学质量[[#Totals],[平均分]],"") -> 0.0081056362 | K13: {=COUNT(_xlfn.LET(_xlpm.CJ,INDIRECT(_xlfn.CONCAT("表成绩单[",$F$4,"]")),_xlfn._xlws.FILTER(_xlpm.CJ,(表成绩单[班级]=$E13)*(_xlpm.CJ>=$M$4)*(表成绩单[考试日期]=$I$4))))} -> 15 | L13: =表教学质量[[#This Row],[优秀人数]]/表教学质量[[#This Row],[参考人数]] -> 0.33333333 | M13: {=COUNT(_xlfn.LET(_xlpm.CJ,INDIRECT(_xlfn.CONCAT("表成绩单[",$F$4,"]")),_xlfn._xlws.FILTER(_xlpm.CJ,(表成绩单[班级]=$E13)*(_xlpm.CJ>=$N$4)*(表成绩单[考试日期]=$I$4))))} -> 28 | N13: =表教学质量[[#This Row],[良好人数]]/表教学质量[[#This Row],[参考人数]] -> 0.62222222 | O13: {=COUNT(_xlfn.LET(_xlpm.CJ,INDIRECT(_xlfn.CONCAT("表成绩单[",$F$4,"]")),_xlfn._xlws.FILTER(_xlpm.CJ,(表成绩单[班级]=$E13)*(_xlpm.CJ>=$O$4)*(表成绩单[考试日期]=$I$4))))} -> 45 | P13: =表教学质量[[#This Row],[及格人数]]/表教学质量[[#This Row],[参考人数]] -> 1
D14: =ROW()-6 -> 8 | E14: 九年级8班 | F14: 格知班 | G14: {=COUNT(_xlfn.LET(_xlpm.CJ,INDIRECT(_xlfn.CONCAT("表成绩单[",$F$4,"]")),_xlfn._xlws.FILTER(_xlpm.CJ,(表成绩单[班级]=$E14)*(表成绩单[考试日期]=$I$4))))} -> 41 | H14: {=IFERROR(MAX(_xlfn.LET(_xlpm.CJ,INDIRECT(_xlfn.CONCAT("表成绩单[",$F$4,"]")),_xlfn._xlws.FILTER(_xlpm.CJ,(表成绩单[班级]=$E14)*(表成绩单[考试日期]=$I$4)))),"")} -> 82 | I14: {=IFERROR(AVERAGE(_xlfn.LET(_xlpm.CJ,INDIRECT(_xlfn.CONCAT("表成绩单[",$F$4,"]")),_xlfn._xlws.FILTER(_xlpm.CJ,(表成绩单[班级]=$E14)*(表成绩单[考试日期]=$I$4)))),"")} -> 71.609756 | J14: =IFERROR((表教学质量[[#This Row],[平均分]]-表教学质量[[#Totals],[平均分]])/表教学质量[[#Totals],[平均分]],"") -> -0.0095856882 | K14: {=COUNT(_xlfn.LET(_xlpm.CJ,INDIRECT(_xlfn.CONCAT("表成绩单[",$F$4,"]")),_xlfn._xlws.FILTER(_xlpm.CJ,(表成绩单[班级]=$E14)*(_xlpm.CJ>=$M$4)*(表成绩单[考试日期]=$I$4))))} -> 11 | L14: =表教学质量[[#This Row],[优秀人数]]/表教学质量[[#This Row],[参考人数]] -> 0.26829268 | M14: {=COUNT(_xlfn.LET(_xlpm.CJ,INDIRECT(_xlfn.CONCAT("表成绩单[",$F$4,"]")),_xlfn._xlws.FILTER(_xlpm.CJ,(表成绩单[班级]=$E14)*(_xlpm.CJ>=$N$4)*(表成绩单[考试日期]=$I$4))))} -> 27 | N14: =表教学质量[[#This Row],[良好人数]]/表教学质量[[#This Row],[参考人数]] -> 0.65853659 | O14: {=COUNT(_xlfn.LET(_xlpm.CJ,INDIRECT(_xlfn.CONCAT("表成绩单[",$F$4,"]")),_xlfn._xlws.FILTER(_xlpm.CJ,(表成绩单[班级]=$E14)*(_xlpm.CJ>=$O$4)*(表成绩单[考试日期]=$I$4))))} -> 40 | P14: =表教学质量[[#This Row],[及格人数]]/表教学质量[[#This Row],[参考人数]] -> 0.97560976
D15: =ROW()-6 -> 9 | E15: 九年级9班 | F15: 格知班 | G15: {=COUNT(_xlfn.LET(_xlpm.CJ,INDIRECT(_xlfn.CONCAT("表成绩单[",$F$4,"]")),_xlfn._xlws.FILTER(_xlpm.CJ,(表成绩单[班级]=$E15)*(表成绩单[考试日期]=$I$4))))} -> 43 | H15: {=IFERROR(MAX(_xlfn.LET(_xlpm.CJ,INDIRECT(_xlfn.CONCAT("表成绩单[",$F$4,"]")),_xlfn._xlws.FILTER(_xlpm.CJ,(表成绩单[班级]=$E15)*(表成绩单[考试日期]=$I$4)))),"")} -> 84 | I15: {=IFERROR(AVERAGE(_xlfn.LET(_xlpm.CJ,INDIRECT(_xlfn.CONCAT("表成绩单[",$F$4,"]")),_xlfn._xlws.FILTER(_xlpm.CJ,(表成绩单[班级]=$E15)*(表成绩单[考试日期]=$I$4)))),"")} -> 71.674419 | J15: =IFERROR((表教学质量[[#This Row],[平均分]]-表教学质量[[#Totals],[平均分]])/表教学质量[[#Totals],[平均分]],"") -> -0.0086913593 | K15: {=COUNT(_xlfn.LET(_xlpm.CJ,INDIRECT(_xlfn.CONCAT("表成绩单[",$F$4,"]")),_xlfn._xlws.FILTER(_xlpm.CJ,(表成绩单[班级]=$E15)*(_xlpm.CJ>=$M$4)*(表成绩单[考试日期]=$I$4))))} -> 15 | L15: =表教学质量[[#This Row],[优秀人数]]/表教学质量[[#This Row],[参考人数]] -> 0.34883721 | M15: {=COUNT(_xlfn.LET(_xlpm.CJ,INDIRECT(_xlfn.CONCAT("表成绩单[",$F$4,"]")),_xlfn._xlws.FILTER(_xlpm.CJ,(表成绩单[班级]=$E15)*(_xlpm.CJ>=$N$4)*(表成绩单[考试日期]=$I$4))))} -> 22 | N15: =表教学质量[[#This Row],[良好人数]]/表教学质量[[#This Row],[参考人数]] -> 0.51162791 | O15: {=COUNT(_xlfn.LET(_xlpm.CJ,INDIRECT(_xlfn.CONCAT("表成绩单[",$F$4,"]")),_xlfn._xlws.FILTER(_xlpm.CJ,(表成绩单[班级]=$E15)*(_xlpm.CJ>=$O$4)*(表成绩单[考试日期]=$I$4))))} -> 43 | P15: =表教学质量[[#This Row],[及格人数]]/表教学质量[[#This Row],[参考人数]] -> 1
D16: =ROW()-6 -> 10 | E16: 九年级10班 | F16: 格知班 | G16: {=COUNT(_xlfn.LET(_xlpm.CJ,INDIRECT(_xlfn.CONCAT("表成绩单[",$F$4,"]")),_xlfn._xlws.FILTER(_xlpm.CJ,(表成绩单[班级]=$E16)*(表成绩单[考试日期]=$I$4))))} -> 37 | H16: {=IFERROR(MAX(_xlfn.LET(_xlpm.CJ,INDIRECT(_xlfn.CONCAT("表成绩单[",$F$4,"]")),_xlfn._xlws.FILTER(_xlpm.CJ,(表成绩单[班级]=$E16)*(表成绩单[考试日期]=$I$4)))),"")} -> 82 | I16: {=IFERROR(AVERAGE(_xlfn.LET(_xlpm.CJ,INDIRECT(_xlfn.CONCAT("表成绩单[",$F$4,"]")),_xlfn._xlws.FILTER(_xlpm.CJ,(表成绩单[班级]=$E16)*(表成绩单[考试日期]=$I$4)))),"")} -> 74.351351 | J16: =IFERROR((表教学质量[[#This Row],[平均分]]-表教学质量[[#Totals],[平均分]])/表教学质量[[#Totals],[平均分]],"") -> 0.028332541 | K16: {=COUNT(_xlfn.LET(_xlpm.CJ,INDIRECT(_xlfn.CONCAT("表成绩单[",$F$4,"]")),_xlfn._xlws.FILTER(_xlpm.CJ,(表成绩单[班级]=$E16)*(_xlpm.CJ>=$M$4)*(表成绩单[考试日期]=$I$4))))} -> 14 | L16: =表教学质量[[#This Row],[优秀人数]]/表教学质量[[#This Row],[参考人数]] -> 0.37837838 | M16: {=COUNT(_xlfn.LET(_xlpm.CJ,INDIRECT(_xlfn.CONCAT("表成绩单[",$F$4,"]")),_xlfn._xlws.FILTER(_xlpm.CJ,(表成绩单[班级]=$E16)*(_xlpm.CJ>=$N$4)*(表成绩单[考试日期]=$I$4))))} -> 27 | N16: =表教学质量[[#This Row],[良好人数]]/表教学质量[[#This Row],[参考人数]] -> 0.72972973 | O16: {=COUNT(_xlfn.LET(_xlpm.CJ,INDIRECT(_xlfn.CONCAT("表成绩单[",$F$4,"]")),_xlfn._xlws.FILTER(_xlpm.CJ,(表成绩单[班级]=$E16)*(_xlpm.CJ>=$O$4)*(表成绩单[考试日期]=$I$4))))} -> 37 | P16: =表教学质量[[#This Row],[及格人数]]/表教学质量[[#This Row],[参考人数]] -> 1
D17: =ROW()-6 -> 11 | E17: 九年级11班 | F17: 格知班 | G17: {=COUNT(_xlfn.LET(_xlpm.CJ,INDIRECT(_xlfn.CONCAT("表成绩单[",$F$4,"]")),_xlfn._xlws.FILTER(_xlpm.CJ,(表成绩单[班级]=$E17)*(表成绩单[考试日期]=$I$4))))} -> 41 | H17: {=IFERROR(MAX(_xlfn.LET(_xlpm.CJ,INDIRECT(_xlfn.CONCAT("表成绩单[",$F$4,"]")),_xlfn._xlws.FILTER(_xlpm.CJ,(表成绩单[班级]=$E17)*(表成绩单[考试日期]=$I$4)))),"")} -> 88 | I17: {=IFERROR(AVERAGE(_xlfn.LET(_xlpm.CJ,INDIRECT(_xlfn.CONCAT("表成绩单[",$F$4,"]")),_xlfn._xlws.FILTER(_xlpm.CJ,(表成绩单[班级]=$E17)*(表成绩单[考试日期]=$I$4)))),"")} -> 73.195122 | J17: =IFERROR((表教学质量[[#This Row],[平均分]]-表教学质量[[#Totals],[平均分]])/表教学质量[[#Totals],[平均分]],"") -> 0.012341059 | K17: {=COUNT(_xlfn.LET(_xlpm.CJ,INDIRECT(_xlfn.CONCAT("表成绩单[",$F$4,"]")),_xlfn._xlws.FILTER(_xlpm.CJ,(表成绩单[班级]=$E17)*(_xlpm.CJ>=$M$4)*(表成绩单[考试日期]=$I$4))))} -> 16 | L17: =表教学质量[[#This Row],[优秀人数]]/表教学质量[[#This Row],[参考人数]] -> 0.3902439 | M17: {=COUNT(_xlfn.LET(_xlpm.CJ,INDIRECT(_xlfn.CONCAT("表成绩单[",$F$4,"]")),_xlfn._xlws.FILTER(_xlpm.CJ,(表成绩单[班级]=$E17)*(_xlpm.CJ>=$N$4)*(表成绩单[考试日期]=$I$4))))} -> 28 | N17: =表教学质量[[#This Row],[良好人数]]/表教学质量[[#This Row],[参考人数]] -> 0.68292683 | O17: {=COUNT(_xlfn.LET(_xlpm.CJ,INDIRECT(_xlfn.CONCAT("表成绩单[",$F$4,"]")),_xlfn._xlws.FILTER(_xlpm.CJ,(表成绩单[班级]=$E17)*(_xlpm.CJ>=$O$4)*(表成绩单[考试日期]=$I$4))))} -> 40 | P17: =表教学质量[[#This Row],[及格人数]]/表教学质量[[#This Row],[参考人数]] -> 0.97560976
D18: =ROW()-6 -> 12 | E18: 九年级12班 | F18: 南山班 | G18: {=COUNT(_xlfn.LET(_xlpm.CJ,INDIRECT(_xlfn.CONCAT("表成绩单[",$F$4,"]")),_xlfn._xlws.FILTER(_xlpm.CJ,(表成绩单[班级]=$E18)*(表成绩单[考试日期]=$I$4))))} -> 40 | H18: {=IFERROR(MAX(_xlfn.LET(_xlpm.CJ,INDIRECT(_xlfn.CONCAT("表成绩单[",$F$4,"]")),_xlfn._xlws.FILTER(_xlpm.CJ,(表成绩单[班级]=$E18)*(表成绩单[考试日期]=$I$4)))),"")} -> 85 | I18: {=IFERROR(AVERAGE(_xlfn.LET(_xlpm.CJ,INDIRECT(_xlfn.CONCAT("表成绩单[",$F$4,"]")),_xlfn._xlws.FILTER(_xlpm.CJ,(表成绩单[班级]=$E18)*(表成绩单[考试日期]=$I$4)))),"")} -> 74.825 | J18: =IFERROR((表教学质量[[#This Row],[平均分]]-表教学质量[[#Totals],[平均分]])/表教学质量[[#Totals],[平均分]],"") -> 0.034883442 | K18: {=COUNT(_xlfn.LET(_xlpm.CJ,INDIRECT(_xlfn.CONCAT("表成绩单[",$F$4,"]")),_xlfn._xlws.FILTER(_xlpm.CJ,(表成绩单[班级]=$E18)*(_xlpm.CJ>=$M$4)*(表成绩单[考试日期]=$I$4))))} -> 14 | L18: =表教学质量[[#This Row],[优秀人数]]/表教学质量[[#This Row],[参考人数]] -> 0.35 | M18: {=COUNT(_xlfn.LET(_xlpm.CJ,INDIRECT(_xlfn.CONCAT("表成绩单[",$F$4,"]")),_xlfn._xlws.FILTER(_xlpm.CJ,(表成绩单[班级]=$E18)*(_xlpm.CJ>=$N$4)*(表成绩单[考试日期]=$I$4))))} -> 30 | N18: =表教学质量[[#This Row],[良好人数]]/表教学质量[[#This Row],[参考人数]] -> 0.75 | O18: {=COUNT(_xlfn.LET(_xlpm.CJ,INDIRECT(_xlfn.CONCAT("表成绩单[",$F$4,"]")),_xlfn._xlws.FILTER(_xlpm.CJ,(表成绩单[班级]=$E18)*(_xlpm.CJ>=$O$4)*(表成绩单[考试日期]=$I$4))))} -> 40 | P18: =表教学质量[[#This Row],[及格人数]]/表教学质量[[#This Row],[参考人数]] -> 1
... D25: =ROW()-6 -> 19 | E25: 九年级19班 | F25: 南山班 | G25: {=COUNT(_xlfn.LET(_xlpm.CJ,INDIRECT(_xlfn.CONCAT("表成绩单[",$F$4,"]")),_xlfn._xlws.FILTER(_xlpm.CJ,(表成绩单[班级]=$E25)*(表成绩单[考试日期]=$I$4))))} -> 42 | H25: {=IFERROR(MAX(_xlfn.LET(_xlpm.CJ,INDIRECT(_xlfn.CONCAT("表成绩单[",$F$4,"]")),_xlfn._xlws.FILTER(_xlpm.CJ,(表成绩单[班级]=$E25)*(表成绩单[考试日期]=$I$4)))),"")} -> 85 | I25: {=IFERROR(AVERAGE(_xlfn.LET(_xlpm.CJ,INDIRECT(_xlfn.CONCAT("表成绩单[",$F$4,"]")),_xlfn._xlws.FILTER(_xlpm.CJ,(表成绩单[班级]=$E25)*(表成绩单[考试日期]=$I$4)))),"")} -> 77.071429 | J25: =IFERROR((表教学质量[[#This Row],[平均分]]-表教学质量[[#Totals],[平均分]])/表教学质量[[#Totals],[平均分]],"") -> 0.065953161 | K25: {=COUNT(_xlfn.LET(_xlpm.CJ,INDIRECT(_xlfn.CONCAT("表成绩单[",$F$4,"]")),_xlfn._xlws.FILTER(_xlpm.CJ,(表成绩单[班级]=$E25)*(_xlpm.CJ>=$M$4)*(表成绩单[考试日期]=$I$4))))} -> 27 | L25: =表教学质量[[#This Row],[优秀人数]]/表教学质量[[#This Row],[参考人数]] -> 0.64285714 | M25: {=COUNT(_xlfn.LET(_xlpm.CJ,INDIRECT(_xlfn.CONCAT("表成绩单[",$F$4,"]")),_xlfn._xlws.FILTER(_xlpm.CJ,(表成绩单[班级]=$E25)*(_xlpm.CJ>=$N$4)*(表成绩单[考试日期]=$I$4))))} -> 37 | N25: =表教学质量[[#This Row],[良好人数]]/表教学质量[[#This Row],[参考人数]] -> 0.88095238 | O25: {=COUNT(_xlfn.LET(_xlpm.CJ,INDIRECT(_xlfn.CONCAT("表成绩单[",$F$4,"]")),_xlfn._xlws.FILTER(_xlpm.CJ,(表成绩单[班级]=$E25)*(_xlpm.CJ>=$O$4)*(表成绩单[考试日期]=$I$4))))} -> 42 | P25: =表教学质量[[#This Row],[及格人数]]/表教学质量[[#This Row],[参考人数]] -> 1
D26: 汇总 | E26: =SUBTOTAL(103,表教学质量[班级]) -> 19 | G26: =SUBTOTAL(109,表教学质量[参考人数]) -> 783 | H26: =SUBTOTAL(104,表教学质量[最高分]) -> 88 | I26: =SUBTOTAL(101,表教学质量[平均分]) -> 72.302828 | J26: =_xlfn.STDEV.S(INDIRECT(_xlfn.CONCAT("表成绩单[",$F$4,"]"))) -> 12.461859 | K26: =SUBTOTAL(109,表教学质量[优秀人数]) -> 290 | L26: =表教学质量[[#Totals],[优秀人数]]/表教学质量[[#Totals],[参考人数]] -> 0.37037037 | M26: =SUBTOTAL(109,表教学质量[良好人数]) -> 512 | N26: =表教学质量[[#Totals],[良好人数]]/表教学质量[[#Totals],[参考人数]] -> 0.65389527 | O26: =SUBTOTAL(109,表教学质量[及格人数]) -> 750 | P26: =表教学质量[[#Totals],[及格人数]]/表教学质量[[#Totals],[参考人数]] -> 0.95785441

Sheet 成绩单汇总
D2: 成绩单汇总（九年级） | V2: 密码： | W2: 123
D4: 考试日期 | E4: 准考证号 | F4: 班级 | G4: 姓名 | H4: 语文 | I4: 数学 | J4: 英语 | K4: 物理 | L4: 化学 | M4: 政治 | N4: 历史 | O4: 总分 | P4: 语文校排 | Q4: 数学校排 | R4: 英语校排 | S4: 物理校排 | T4: 化学校排 | U4: 政治校排 | V4: 历史校排 | W4: 总分校排
D5: 45975 | E5: 19176896 | F5: 九年级15班 | G5: 张艺菱 | H5: 114 | I5: 119 | J5: 89 | K5: 88 | L5: 86 | M5: 84 | N5: 79 | O5: 659 | P5: {=IF(表成绩单[[#This Row],[语文]]="","",SUMPRODUCT((表成绩单[考试日期]=表成绩单[[#This Row],[考试日期]])*(表成绩单[语文]<9E+307)*(表成绩单[语文]>表成绩单[[#This Row],[语文]]))+1)} -> 4 | Q5: {=IF(表成绩单[[#This Row],[数学]]="","",SUMPRODUCT((表成绩单[考试日期]=表成绩单[[#This Row],[考试日期]])*(表成绩单[数学]<9E+307)*(表成绩单[数学]>表成绩单[[#This Row],[数学]]))+1)} -> 11 | R5: {=IF(表成绩单[[#This Row],[英语]]="","",SUMPRODUCT((表成绩单[考试日期]=表成绩单[[#This Row],[考试日期]])*(表成绩单[英语]<9E+307)*(表成绩单[英语]>表成绩单[[#This Row],[英语]]))+1)} -> 1 | S5: {=IF(表成绩单[[#This Row],[物理]]="","",SUMPRODUCT((表成绩单[考试日期]=表成绩单[[#This Row],[考试日期]])*(表成绩单[物理]<9E+307)*(表成绩单[物理]>表成绩单[[#This Row],[物理]]))+1)} -> 54 | T5: {=IF(表成绩单[[#This Row],[化学]]="","",SUMPRODUCT((表成绩单[考试日期]=表成绩单[[#This Row],[考试日期]])*(表成绩单[化学]<9E+307)*(表成绩单[化学]>表成绩单[[#This Row],[化学]]))+1)} -> 8 | U5: {=IF(表成绩单[[#This Row],[政治]]="","",SUMPRODUCT((表成绩单[考试日期]=表成绩单[[#This Row],[考试日期]])*(表成绩单[政治]<9E+307)*(表成绩单[政治]>表成绩单[[#This Row],[政治]]))+1)} -> 83 | V5: {=IF(表成绩单[[#This Row],[历史]]="","",SUMPRODUCT((表成绩单[考试日期]=表成绩单[[#This Row],[考试日期]])*(表成绩单[历史]<9E+307)*(表成绩单[历史]>表成绩单[[#This Row],[历史]]))+1)} -> 144 | W5: {=IF(表成绩单[[#This Row],[总分]]="","",SUMPRODUCT((表成绩单[考试日期]=表成绩单[[#This Row],[考试日期]])*(表成绩单[总分]<9E+307)*(表成绩单[总分]>表成绩单[[#This Row],[总分]]))+1)} -> 1
D6: 45975 | E6: 19173522 | F6: 九年级19班 | G6: 刘彧恺 | H6: 106 | I6: 118 | J6: 89 | K6: 87 | L6: 86 | M6: 87 | N6: 84 | O6: 657 | P6: {=IF(表成绩单[[#This Row],[语文]]="","",SUMPRODUCT((表成绩单[考试日期]=表成绩单[[#This Row],[考试日期]])*(表成绩单[语文]<9E+307)*(表成绩单[语文]>表成绩单[[#This Row],[语文]]))+1)} -> 62 | Q6: {=IF(表成绩单[[#This Row],[数学]]="","",SUMPRODUCT((表成绩单[考试日期]=表成绩单[[#This Row],[考试日期]])*(表成绩单[数学]<9E+307)*(表成绩单[数学]>表成绩单[[#This Row],[数学]]))+1)} -> 22 | R6: {=IF(表成绩单[[#This Row],[英语]]="","",SUMPRODUCT((表成绩单[考试日期]=表成绩单[[#This Row],[考试日期]])*(表成绩单[英语]<9E+307)*(表成绩单[英语]>表成绩单[[#This Row],[英语]]))+1)} -> 1 | S6: {=IF(表成绩单[[#This Row],[物理]]="","",SUMPRODUCT((表成绩单[考试日期]=表成绩单[[#This Row],[考试日期]])*(表成绩单[物理]<9E+307)*(表成绩单[物理]>表成绩单[[#This Row],[物理]]))+1)} -> 127 | T6: {=IF(表成绩单[[#This Row],[化学]]="","",SUMPRODUCT((表成绩单[考试日期]=表成绩单[[#This Row],[考试日期]])*(表成绩单[化学]<9E+307)*(表成绩单[化学]>表成绩单[[#This Row],[化学]]))+1)} -> 8 | U6: {=IF(表成绩单[[#This Row],[政治]]="","",SUMPRODUCT((表成绩单[考试日期]=表成绩单[[#This Row],[考试日期]])*(表成绩单[政治]<9E+307)*(表成绩单[政治]>表成绩单[[#This Row],[政治]]))+1)} -> 13 | V6: {=IF(表成绩单[[#This Row],[历史]]="","",SUMPRODUCT((表成绩单[考试日期]=表成绩单[[#This Row],[考试日期]])*(表成绩单[历史]<9E+307)*(表成绩单[历史]>表成绩单[[#This Row],[历史]]))+1)} -> 8 | W6: {=IF(表成绩单[[#This Row],[总分]]="","",SUMPRODUCT((表成绩单[考试日期]=表成绩单[[#This Row],[考试日期]])*(表成绩单[总分]<9E+307)*(表成绩单[总分]>表成绩单[[#This Row],[总分]]))+1)} -> 2
D7: 45975 | E7: 19176875 | F7: 九年级15班 | G7: 梁雅文 | H7: 109 | I7: 117 | J7: 86 | K7: 88 | L7: 79 | M7: 88 | N7: 86 | O7: 653 | P7: {=IF(表成绩单[[#This Row],[语文]]="","",SUMPRODUCT((表成绩单[考试日期]=表成绩单[[#This Row],[考试日期]])*(表成绩单[语文]<9E+307)*(表成绩单[语文]>表成绩单[[#This Row],[语文]]))+1)} -> 18 | Q7: {=IF(表成绩单[[#This Row],[数学]]="","",SUMPRODUCT((表成绩单[考试日期]=表成绩单[[#This Row],[考试日期]])*(表成绩单[数学]<9E+307)*(表成绩单[数学]>表成绩单[[#This Row],[数学]]))+1)} -> 37 | R7: {=IF(表成绩单[[#This Row],[英语]]="","",SUMPRODUCT((表成绩单[考试日期]=表成绩单[[#This Row],[考试日期]])*(表成绩单[英语]<9E+307)*(表成绩单[英语]>表成绩单[[#This Row],[英语]]))+1)} -> 42 | S7: {=IF(表成绩单[[#This Row],[物理]]="","",SUMPRODUCT((表成绩单[考试日期]=表成绩单[[#This Row],[考试日期]])*(表成绩单[物理]<9E+307)*(表成绩单[物理]>表成绩单[[#This Row],[物理]]))+1)} -> 54 | T7: {=IF(表成绩单[[#This Row],[化学]]="","",SUMPRODUCT((表成绩单[考试日期]=表成绩单[[#This Row],[考试日期]])*(表成绩单[化学]<9E+307)*(表成绩单[化学]>表成绩单[[#This Row],[化学]]))+1)} -> 166 | U7: {=IF(表成绩单[[#This Row],[政治]]="","",SUMPRODUCT((表成绩单[考试日期]=表成绩单[[#This Row],[考试日期]])*(表成绩单[政治]<9E+307)*(表成绩单[政治]>表成绩单[[#This Row],[政治]]))+1)} -> 4 | V7: {=IF(表成绩单[[#This Row],[历史]]="","",SUMPRODUCT((表成绩单[考试日期]=表成绩单[[#This Row],[考试日期]])*(表成绩单[历史]<9E+307)*(表成绩单[历史]>表成绩单[[#This Row],[历史]]))+1)} -> 1 | W7: {=IF(表成绩单[[#This Row],[总分]]="","",SUMPRODUCT((表成绩单[考试日期]=表成绩单[[#This Row],[考试日期]])*(表成绩单[总分]<9E+307)*(表成绩单[总分]>表成绩单[[#This Row],[总分]]))+1)} -> 3
D8: 45975 | E8: 19174435 | F8: 九年级17班 | G8: 丁启亮 | H8: 106 | I8: 120 | J8: 89 | K8: 86 | L8: 86 | M8: 83 | N8: 82 | O8: 652 | P8: {=IF(表成绩单[[#This Row],[语文]]="","",SUMPRODUCT((表成绩单[考试日期]=表成绩单[[#This Row],[考试日期]])*(表成绩单[语文]<9E+307)*(表成绩单[语文]>表成绩单[[#This Row],[语文]]))+1)} -> 62 | Q8: {=IF(表成绩单[[#This Row],[数学]]="","",SUMPRODUCT((表成绩单[考试日期]=表成绩单[[#This Row],[考试日期]])*(表成绩单[数学]<9E+307)*(表成绩单[数学]>表成绩单[[#This Row],[数学]]))+1)} -> 1 | R8: {=IF(表成绩单[[#This Row],[英语]]="","",SUMPRODUCT((表成绩单[考试日期]=表成绩单[[#This Row],[考试日期]])*(表成绩单[英语]<9E+307)*(表成绩单[英语]>表成绩单[[#This Row],[英语]]))+1)} -> 1 | S8: {=IF(表成绩单[[#This Row],[物理]]="","",SUMPRODUCT((表成绩单[考试日期]=表成绩单[[#This Row],[考试日期]])*(表成绩单[物理]<9E+307)*(表成绩单[物理]>表成绩单[[#This Row],[物理]]))+1)} -> 187 | T8: {=IF(表成绩单[[#This Row],[化学]]="","",SUMPRODUCT((表成绩单[考试日期]=表成绩单[[#This Row],[考试日期]])*(表成绩单[化学]<9E+307)*(表成绩单[化学]>表成绩单[[#This Row],[化学]]))+1)} -> 8 | U8: {=IF(表成绩单[[#This Row],[政治]]="","",SUMPRODUCT((表成绩单[考试日期]=表成绩单[[#This Row],[考试日期]])*(表成绩单[政治]<9E+307)*(表成绩单[政治]>表成绩单[[#This Row],[政治]]))+1)} -> 121 | V8: {=IF(表成绩单[[#This Row],[历史]]="","",SUMPRODUCT((表成绩单[考试日期]=表成绩单[[#This Row],[考试日期]])*(表成绩单[历史]<9E+307)*(表成绩单[历史]>表成绩单[[#This Row],[历史]]))+1)} -> 35 | W8: {=IF(表成绩单[[#This Row],[总分]]="","",SUMPRODUCT((表成绩单[考试日期]=表成绩单[[#This Row],[考试日期]])*(表成绩单[总分]<9E+307)*(表成绩单[总分]>表成绩单[[#This Row],[总分]]))+1)} -> 4
D9: 45975 | E9: 19177203 | F9: 九年级14班 | G9: 何柏恒 | H9: 107 | I9: 118 | J9: 87 | K9: 90 | L9: 84 | M9: 84 | N9: 82 | O9: 652 | P9: {=IF(表成绩单[[#This Row],[语文]]="","",SUMPRODUCT((表成绩单[考试日期]=表成绩单[[#This Row],[考试日期]])*(表成绩单[语文]<9E+307)*(表成绩单[语文]>表成绩单[[#This Row],[语文]]))+1)} -> 45 | Q9: {=IF(表成绩单[[#This Row],[数学]]="","",SUMPRODUCT((表成绩单[考试日期]=表成绩单[[#This Row],[考试日期]])*(表成绩单[数学]<9E+307)*(表成绩单[数学]>表成绩单[[#This Row],[数学]]))+1)} -> 22 | R9: {=IF(表成绩单[[#This Row],[英语]]="","",SUMPRODUCT((表成绩单[考试日期]=表成绩单[[#This Row],[考试日期]])*(表成绩单[英语]<9E+307)*(表成绩单[英语]>表成绩单[[#This Row],[英语]]))+1)} -> 20 | S9: {=IF(表成绩单[[#This Row],[物理]]="","",SUMPRODUCT((表成绩单[考试日期]=表成绩单[[#This Row],[考试日期]])*(表成绩单[物理]<9E+307)*(表成绩单[物理]>表成绩单[[#This Row],[物理]]))+1)} -> 1 | T9: {=IF(表成绩单[[#This Row],[化学]]="","",SUMPRODUCT((表成绩单[考试日期]=表成绩单[[#This Row],[考试日期]])*(表成绩单[化学]<9E+307)*(表成绩单[化学]>表成绩单[[#This Row],[化学]]))+1)} -> 33 | U9: {=IF(表成绩单[[#This Row],[政治]]="","",SUMPRODUCT((表成绩单[考试日期]=表成绩单[[#This Row],[考试日期]])*(表成绩单[政治]<9E+307)*(表成绩单[政治]>表成绩单[[#This Row],[政治]]))+1)} -> 83 | V9: {=IF(表成绩单[[#This Row],[历史]]="","",SUMPRODUCT((表成绩单[考试日期]=表成绩单[[#This Row],[考试日期]])*(表成绩单[历史]<9E+307)*(表成绩单[历史]>表成绩单[[#This Row],[历史]]))+1)} -> 35 | W9: {=IF(表成绩单[[#This Row],[总分]]="","",SUMPRODUCT((表成绩单[考试日期]=表成绩单[[#This Row],[考试日期]])*(表成绩单[总分]<9E+307)*(表成绩单[总分]>表成绩单[[#This Row],[总分]]))+1)} -> 4
D10: 45975 | E10: 19175400 | F10: 九年级18班 | G10: 刘颖珊 | H10: 112 | I10: 116 | J10: 89 | K10: 86 | L10: 85 | M10: 80 | N10: 82 | O10: 650 | P10: {=IF(表成绩单[[#This Row],[语文]]="","",SUMPRODUCT((表成绩单[考试日期]=表成绩单[[#This Row],[考试日期]])*(表成绩单[语文]<9E+307)*(表成绩单[语文]>表成绩单[[#This Row],[语文]]))+1)} -> 7 | Q10: {=IF(表成绩单[[#This Row],[数学]]="","",SUMPRODUCT((表成绩单[考试日期]=表成绩单[[#This Row],[考试日期]])*(表成绩单[数学]<9E+307)*(表成绩单[数学]>表成绩单[[#This Row],[数学]]))+1)} -> 50 | R10: {=IF(表成绩单[[#This Row],[英语]]="","",SUMPRODUCT((表成绩单[考试日期]=表成绩单[[#This Row],[考试日期]])*(表成绩单[英语]<9E+307)*(表成绩单[英语]>表成绩单[[#This Row],[英语]]))+1)} -> 1 | S10: {=IF(表成绩单[[#This Row],[物理]]="","",SUMPRODUCT((表成绩单[考试日期]=表成绩单[[#This Row],[考试日期]])*(表成绩单[物理]<9E+307)*(表成绩单[物理]>表成绩单[[#This Row],[物理]]))+1)} -> 187 | T10: {=IF(表成绩单[[#This Row],[化学]]="","",SUMPRODUCT((表成绩单[考试日期]=表成绩单[[#This Row],[考试日期]])*(表成绩单[化学]<9E+307)*(表成绩单[化学]>表成绩单[[#This Row],[化学]]))+1)} -> 19 | U10: {=IF(表成绩单[[#This Row],[政治]]="","",SUMPRODUCT((表成绩单[考试日期]=表成绩单[[#This Row],[考试日期]])*(表成绩单[政治]<9E+307)*(表成绩单[政治]>表成绩单[[#This Row],[政治]]))+1)} -> 209 | V10: {=IF(表成绩单[[#This Row],[历史]]="","",SUMPRODUCT((表成绩单[考试日期]=表成绩单[[#This Row],[考试日期]])*(表成绩单[历史]<9E+307)*(表成绩单[历史]>表成绩单[[#This Row],[历史]]))+1)} -> 35 | W10: {=IF(表成绩单[[#This Row],[总分]]="","",SUMPRODUCT((表成绩单[考试日期]=表成绩单[[#This Row],[考试日期]])*(表成绩单[总分]<9E+307)*(表成绩单[总分]>表成绩单[[#This Row],[总分]]))+1)} -> 6
D11: 45975 | E11: 19176883 | F11: 九年级15班 | G11: 罗茵潆 | H11: 110 | I11: 117 | J11: 87 | K11: 90 | L11: 74 | M11: 87 | N11: 85 | O11: 650 | P11: {=IF(表成绩单[[#This Row],[语文]]="","",SUMPRODUCT((表成绩单[考试日期]=表成绩单[[#This Row],[考试日期]])*(表成绩单[语文]<9E+307)*(表成绩单[语文]>表成绩单[[#This Row],[语文]]))+1)} -> 13 | Q11: {=IF(表成绩单[[#This Row],[数学]]="","",SUMPRODUCT((表成绩单[考试日期]=表成绩单[[#This Row],[考试日期]])*(表成绩单[数学]<9E+307)*(表成绩单[数学]>表成绩单[[#This Row],[数学]]))+1)} -> 37 | R11: {=IF(表成绩单[[#This Row],[英语]]="","",SUMPRODUCT((表成绩单[考试日期]=表成绩单[[#This Row],[考试日期]])*(表成绩单[英语]<9E+307)*(表成绩单[英语]>表成绩单[[#This Row],[英语]]))+1)} -> 20 | S11: {=IF(表成绩单[[#This Row],[物理]]="","",SUMPRODUCT((表成绩单[考试日期]=表成绩单[[#This Row],[考试日期]])*(表成绩单[物理]<9E+307)*(表成绩单[物理]>表成绩单[[#This Row],[物理]]))+1)} -> 1 | T11: {=IF(表成绩单[[#This Row],[化学]]="","",SUMPRODUCT((表成绩单[考试日期]=表成绩单[[#This Row],[考试日期]])*(表成绩单[化学]<9E+307)*(表成绩单[化学]>表成绩单[[#This Row],[化学]]))+1)} -> 337 | U11: {=IF(表成绩单[[#This Row],[政治]]="","",SUMPRODUCT((表成绩单[考试日期]=表成绩单[[#This Row],[考试日期]])*(表成绩单[政治]<9E+307)*(表成绩单[政治]>表成绩单[[#This Row],[政治]]))+1)} -> 13 | V11: {=IF(表成绩单[[#This Row],[历史]]="","",SUMPRODUCT((表成绩单[考试日期]=表成绩单[[#This Row],[考试日期]])*(表成绩单[历史]<9E+307)*(表成绩单[历史]>表成绩单[[#This Row],[历史]]))+1)} -> 3 | W11: {=IF(表成绩单[[#This Row],[总分]]="","",SUMPRODUCT((表成绩单[考试日期]=表成绩单[[#This Row],[考试日期]])*(表成绩单[总分]<9E+307)*(表成绩单[总分]>表成绩单[[#This Row],[总分]]))+1)} -> 6
D12: 45975 | E12: 19174789 | F12: 九年级13班 | G12: 骆煜祺 | H12: 105 | I12: 116 | J12: 82 | K12: 88 | L12: 86 | M12: 86 | N12: 84 | O12: 647 | P12: {=IF(表成绩单[[#This Row],[语文]]="","",SUMPRODUCT((表成绩单[考试日期]=表成绩单[[#This Row],[考试日期]])*(表成绩单[语文]<9E+307)*(表成绩单[语文]>表成绩单[[#This Row],[语文]]))+1)} -> 80 | Q12: {=IF(表成绩单[[#This Row],[数学]]="","",SUMPRODUCT((表成绩单[考试日期]=表成绩单[[#This Row],[考试日期]])*(表成绩单[数学]<9E+307)*(表成绩单[数学]>表成绩单[[#This Row],[数学]]))+1)} -> 50 | R12: {=IF(表成绩单[[#This Row],[英语]]="","",SUMPRODUCT((表成绩单[考试日期]=表成绩单[[#This Row],[考试日期]])*(表成绩单[英语]<9E+307)*(表成绩单[英语]>表成绩单[[#This Row],[英语]]))+1)} -> 195 | S12: {=IF(表成绩单[[#This Row],[物理]]="","",SUMPRODUCT((表成绩单[考试日期]=表成绩单[[#This Row],[考试日期]])*(表成绩单[物理]<9E+307)*(表成绩单[物理]>表成绩单[[#This Row],[物理]]))+1)} -> 54 | T12: {=IF(表成绩单[[#This Row],[化学]]="","",SUMPRODUCT((表成绩单[考试日期]=表成绩单[[#This Row],[考试日期]])*(表成绩单[化学]<9E+307)*(表成绩单[化学]>表成绩单[[#This Row],[化学]]))+1)} -> 8 | U12: {=IF(表成绩单[[#This Row],[政治]]="","",SUMPRODUCT((表成绩单[考试日期]=表成绩单[[#This Row],[考试日期]])*(表成绩单[政治]<9E+307)*(表成绩单[政治]>表成绩单[[#This Row],[政治]]))+1)} -> 26 | V12: {=IF(表成绩单[[#This Row],[历史]]="","",SUMPRODUCT((表成绩单[考试日期]=表成绩单[[#This Row],[考试日期]])*(表成绩单[历史]<9E+307)*(表成绩单[历史]>表成绩单[[#This Row],[历史]]))+1)} -> 8 | W12: {=IF(表成绩单[[#This Row],[总分]]="","",SUMPRODUCT((表成绩单[考试日期]=表成绩单[[#This Row],[考试日期]])*(表成绩单[总分]<9E+307)*(表成绩单[总分]>表成绩单[[#This Row],[总分]]))+1)} -> 8
D13: 45975 | E13: 19176874 | F13: 九年级15班 | G13: 李知与 | H13: 113 | I13: 107 | J13: 88 | K13: 88 | L13: 82 | M13: 85 | N13: 84 | O13: 647 | P13: {=IF(表成绩单[[#This Row],[语文]]="","",SUMPRODUCT((表成绩单[考试日期]=表成绩单[[#This Row],[考试日期]])*(表成绩单[语文]<9E+307)*(表成绩单[语文]>表成绩单[[#This Row],[语文]]))+1)} -> 5 | Q13: {=IF(表成绩单[[#This Row],[数学]]="","",SUMPRODUCT((表成绩单[考试日期]=表成绩单[[#This Row],[考试日期]])*(表成绩单[数学]<9E+307)*(表成绩单[数学]>表成绩单[[#This Row],[数学]]))+1)} -> 200 | R13: {=IF(表成绩单[[#This Row],[英语]]="","",SUMPRODUCT((表成绩单[考试日期]=表成绩单[[#This Row],[考试日期]])*(表成绩单[英语]<9E+307)*(表成绩单[英语]>表成绩单[[#This Row],[英语]]))+1)} -> 10 | S13: {=IF(表成绩单[[#This Row],[物理]]="","",SUMPRODUCT((表成绩单[考试日期]=表成绩单[[#This Row],[考试日期]])*(表成绩单[物理]<9E+307)*(表成绩单[物理]>表成绩单[[#This Row],[物理]]))+1)} -> 54 | T13: {=IF(表成绩单[[#This Row],[化学]]="","",SUMPRODUCT((表成绩单[考试日期]=表成绩单[[#This Row],[考试日期]])*(表成绩单[化学]<9E+307)*(表成绩单[化学]>表成绩单[[#This Row],[化学]]))+1)} -> 71 | U13: {=IF(表成绩单[[#This Row],[政治]]="","",SUMPRODUCT((表成绩单[考试日期]=表成绩单[[#This Row],[考试日期]])*(表成绩单[政治]<9E+307)*(表成绩单[政治]>表成绩单[[#This Row],[政治]]))+1)} -> 45 | V13: {=IF(表成绩单[[#This Row],[历史]]="","",SUMPRODUCT((表成绩单[考试日期]=表成绩单[[#This Row],[考试日期]])*(表成绩单[历史]<9E+307)*(表成绩单[历史]>表成绩单[[#This Row],[历史]]))+1)} -> 8 | W13: {=IF(表成绩单[[#This Row],[总分]]="","",SUMPRODUCT((表成绩单[考试日期]=表成绩单[[#This Row],[考试日期]])*(表成绩单[总分]<9E+307)*(表成绩单[总分]>表成绩单[[#This Row],[总分]]))+1)} -> 8
D14: 45975 | E14: 19167643 | F14: 九年级19班 | G14: 冯俊玮 | H14: 105 | I14: 113 | J14: 87 | K14: 89 | L14: 85 | M14: 86 | N14: 81 | O14: 646 | P14: {=IF(表成绩单[[#This Row],[语文]]="","",SUMPRODUCT((表成绩单[考试日期]=表成绩单[[#This Row],[考试日期]])*(表成绩单[语文]<9E+307)*(表成绩单[语文]>表成绩单[[#This Row],[语文]]))+1)} -> 80 | Q14: {=IF(表成绩单[[#This Row],[数学]]="","",SUMPRODUCT((表成绩单[考试日期]=表成绩单[[#This Row],[考试日期]])*(表成绩单[数学]<9E+307)*(表成绩单[数学]>表成绩单[[#This Row],[数学]]))+1)} -> 93 | R14: {=IF(表成绩单[[#This Row],[英语]]="","",SUMPRODUCT((表成绩单[考试日期]=表成绩单[[#This Row],[考试日期]])*(表成绩单[英语]<9E+307)*(表成绩单[英语]>表成绩单[[#This Row],[英语]]))+1)} -> 20 | S14: {=IF(表成绩单[[#This Row],[物理]]="","",SUMPRODUCT((表成绩单[考试日期]=表成绩单[[#This Row],[考试日期]])*(表成绩单[物理]<9E+307)*(表成绩单[物理]>表成绩单[[#This Row],[物理]]))+1)} -> 18 | T14: {=IF(表成绩单[[#This Row],[化学]]="","",SUMPRODUCT((表成绩单[考试日期]=表成绩单[[#This Row],[考试日期]])*(表成绩单[化学]<9E+307)*(表成绩单[化学]>表成绩单[[#This Row],[化学]]))+1)} -> 19 | U14: {=IF(表成绩单[[#This Row],[政治]]="","",SUMPRODUCT((表成绩单[考试日期]=表成绩单[[#This Row],[考试日期]])*(表成绩单[政治]<9E+307)*(表成绩单[政治]>表成绩单[[#This Row],[政治]]))+1)} -> 26 | V14: {=IF(表成绩单[[#This Row],[历史]]="","",SUMPRODUCT((表成绩单[考试日期]=表成绩单[[#This Row],[考试日期]])*(表成绩单[历史]<9E+307)*(表成绩单[历史]>表成绩单[[#This Row],[历史]]))+1)} -> 63 | W14: {=IF(表成绩单[[#This Row],[总分]]="","",SUMPRODUCT((表成绩单[考试日期]=表成绩单[[#This Row],[考试日期]])*(表成绩单[总分]<9E+307)*(表成绩单[总分]>表成绩单[[#This Row],[总分]]))+1)} -> 10
D15: 45975 | E15: 19167652 | F15: 九年级19班 | G15: 江志远 | H15: 106 | I15: 115 | J15: 88 | K15: 88 | L15: 81 | M15: 85 | N15: 83 | O15: 646 | P15: {=IF(表成绩单[[#This Row],[语文]]="","",SUMPRODUCT((表成绩单[考试日期]=表成绩单[[#This Row],[考试日期]])*(表成绩单[语文]<9E+307)*(表成绩单[语文]>表成绩单[[#This Row],[语文]]))+1)} -> 62 | Q15: {=IF(表成绩单[[#This Row],[数学]]="","",SUMPRODUCT((表成绩单[考试日期]=表成绩单[[#This Row],[考试日期]])*(表成绩单[数学]<9E+307)*(表成绩单[数学]>表成绩单[[#This Row],[数学]]))+1)} -> 63 | R15: {=IF(表成绩单[[#This Row],[英语]]="","",SUMPRODUCT((表成绩单[考试日期]=表成绩单[[#This Row],[考试日期]])*(表成绩单[英语]<9E+307)*(表成绩单[英语]>表成绩单[[#This Row],[英语]]))+1)} -> 10 | S15: {=IF(表成绩单[[#This Row],[物理]]="","",SUMPRODUCT((表成绩单[考试日期]=表成绩单[[#This Row],[考试日期]])*(表成绩单[物理]<9E+307)*(表成绩单[物理]>表成绩单[[#This Row],[物理]]))+1)} -> 54 | T15: {=IF(表成绩单[[#This Row],[化学]]="","",SUMPRODUCT((表成绩单[考试日期]=表成绩单[[#This Row],[考试日期]])*(表成绩单[化学]<9E+307)*(表成绩单[化学]>表成绩单[[#This Row],[化学]]))+1)} -> 100 | U15: {=IF(表成绩单[[#This Row],[政治]]="","",SUMPRODUCT((表成绩单[考试日期]=表成绩单[[#This Row],[考试日期]])*(表成绩单[政治]<9E+307)*(表成绩单[政治]>表成绩单[[#This Row],[政治]]))+1)} -> 45 | V15: {=IF(表成绩单[[#This Row],[历史]]="","",SUMPRODUCT((表成绩单[考试日期]=表成绩单[[#This Row],[考试日期]])*(表成绩单[历史]<9E+307)*(表成绩单[历史]>表成绩单[[#This Row],[历史]]))+1)} -> 18 | W15: {=IF(表成绩单[[#This Row],[总分]]="","",SUMPRODUCT((表成绩单[考试日期]=表成绩单[[#This Row],[考试日期]])*(表成绩单[总分]<9E+307)*(表成绩单[总分]>表成绩单[[#This Row],[总分]]))+1)} -> 10
D16: 45975 | E16: 19174450 | F16: 九年级17班 | G16: 凌子轩 | H16: 105 | I16: 116 | J16: 84.5 | K16: 87 | L16: 85 | M16: 90 | N16: 78 | O16: 645.5 | P16: {=IF(表成绩单[[#This Row],[语文]]="","",SUMPRODUCT((表成绩单[考试日期]=表成绩单[[#This Row],[考试日期]])*(表成绩单[语文]<9E+307)*(表成绩单[语文]>表成绩单[[#This Row],[语文]]))+1)} -> 80 | Q16: {=IF(表成绩单[[#This Row],[数学]]="","",SUMPRODUCT((表成绩单[考试日期]=表成绩单[[#This Row],[考试日期]])*(表成绩单[数学]<9E+307)*(表成绩单[数学]>表成绩单[[#This Row],[数学]]))+1)} -> 50 | R16: {=IF(表成绩单[[#This Row],[英语]]="","",SUMPRODUCT((表成绩单[考试日期]=表成绩单[[#This Row],[考试日期]])*(表成绩单[英语]<9E+307)*(表成绩单[英语]>表成绩单[[#This Row],[英语]]))+1)} -> 85 | S16: {=IF(表成绩单[[#This Row],[物理]]="","",SUMPRODUCT((表成绩单[考试日期]=表成绩单[[#This Row],[考试日期]])*(表成绩单[物理]<9E+307)*(表成绩单[物理]>表成绩单[[#This Row],[物理]]))+1)} -> 127 | T16: {=IF(表成绩单[[#This Row],[化学]]="","",SUMPRODUCT((表成绩单[考试日期]=表成绩单[[#This Row],[考试日期]])*(表成绩单[化学]<9E+307)*(表成绩单[化学]>表成绩单[[#This Row],[化学]]))+1)} -> 19 | U16: {=IF(表成绩单[[#This Row],[政治]]="","",SUMPRODUCT((表成绩单[考试日期]=表成绩单[[#This Row],[考试日期]])*(表成绩单[政治]<9E+307)*(表成绩单[政治]>表成绩单[[#This Row],[政治]]))+1)} -> 1 | V16: {=IF(表成绩单[[#This Row],[历史]]="","",SUMPRODUCT((表成绩单[考试日期]=表成绩单[[#This Row],[考试日期]])*(表成绩单[历史]<9E+307)*(表成绩单[历史]>表成绩单[[#This Row],[历史]]))+1)} -> 189 | W16: {=IF(表成绩单[[#This Row],[总分]]="","",SUMPRODUCT((表成绩单[考试日期]=表成绩单[[#This Row],[考试日期]])*(表成绩单[总分]<9E+307)*(表成绩单[总分]>表成绩单[[#This Row],[总分]]))+1)} -> 12
... D797: 45975 | E797: 19175593 | F797: 九年级2班 | G797: 范洛铨 | H797: 50 | I797: 28 | J797: 16.5 | K797: 18 | L797: 19 | M797: 30 | N797: 26 | O797: 187.5 | P797: {=IF(表成绩单[[#This Row],[语文]]="","",SUMPRODUCT((表成绩单[考试日期]=表成绩单[[#This Row],[考试日期]])*(表成绩单[语文]<9E+307)*(表成绩单[语文]>表成绩单[[#This Row],[语文]]))+1)} -> 792 | Q797: {=IF(表成绩单[[#This Row],[数学]]="","",SUMPRODUCT((表成绩单[考试日期]=表成绩单[[#This Row],[考试日期]])*(表成绩单[数学]<9E+307)*(表成绩单[数学]>表成绩单[[#This Row],[数学]]))+1)} -> 785 | R797: {=IF(表成绩单[[#This Row],[英语]]="","",SUMPRODUCT((表成绩单[考试日期]=表成绩单[[#This Row],[考试日期]])*(表成绩单[英语]<9E+307)*(表成绩单[英语]>表成绩单[[#This Row],[英语]]))+1)} -> 794 | S797: {=IF(表成绩单[[#This Row],[物理]]="","",SUMPRODUCT((表成绩单[考试日期]=表成绩单[[#This Row],[考试日期]])*(表成绩单[物理]<9E+307)*(表成绩单[物理]>表成绩单[[#This Row],[物理]]))+1)} -> 794 | T797: {=IF(表成绩单[[#This Row],[化学]]="","",SUMPRODUCT((表成绩单[考试日期]=表成绩单[[#This Row],[考试日期]])*(表成绩单[化学]<9E+307)*(表成绩单[化学]>表成绩单[[#This Row],[化学]]))+1)} -> 794 | U797: {=IF(表成绩单[[#This Row],[政治]]="","",SUMPRODUCT((表成绩单[考试日期]=表成绩单[[#This Row],[考试日期]])*(表成绩单[政治]<9E+307)*(表成绩单[政治]>表成绩单[[#This Row],[政治]]))+1)} -> 793 | V797: {=IF(表成绩单[[#This Row],[历史]]="","",SUMPRODUCT((表成绩单[考试日期]=表成绩单[[#This Row],[考试日期]])*(表成绩单[历史]<9E+307)*(表成绩单[历史]>表成绩单[[#This Row],[历史]]))+1)} -> 793 | W797: {=IF(表成绩单[[#This Row],[总分]]="","",SUMPRODUCT((表成绩单[考试日期]=表成绩单[[#This Row],[考试日期]])*(表成绩单[总分]<9E+307)*(表成绩单[总分]>表成绩单[[#This Row],[总分]]))+1)} -> 794
D798: 45975 | E798: 19172662 | F798: 九年级5班 | G798: 朱恒锋 | M798: 16 | O798: 16 | P798: {=IF(表成绩单[[#This Row],[语文]]="","",SUMPRODUCT((表成绩单[考试日期]=表成绩单[[#This Row],[考试日期]])*(表成绩单[语文]<9E+307)*(表成绩单[语文]>表成绩单[[#This Row],[语文]]))+1)} | Q798: {=IF(表成绩单[[#This Row],[数学]]="","",SUMPRODUCT((表成绩单[考试日期]=表成绩单[[#This Row],[考试日期]])*(表成绩单[数学]<9E+307)*(表成绩单[数学]>表成绩单[[#This Row],[数学]]))+1)} | R798: {=IF(表成绩单[[#This Row],[英语]]="","",SUMPRODUCT((表成绩单[考试日期]=表成绩单[[#This Row],[考试日期]])*(表成绩单[英语]<9E+307)*(表成绩单[英语]>表成绩单[[#This Row],[英语]]))+1)} | S798: {=IF(表成绩单[[#This Row],[物理]]="","",SUMPRODUCT((表成绩单[考试日期]=表成绩单[[#This Row],[考试日期]])*(表成绩单[物理]<9E+307)*(表成绩单[物理]>表成绩单[[#This Row],[物理]]))+1)} | T798: {=IF(表成绩单[[#This Row],[化学]]="","",SUMPRODUCT((表成绩单[考试日期]=表成绩单[[#This Row],[考试日期]])*(表成绩单[化学]<9E+307)*(表成绩单[化学]>表成绩单[[#This Row],[化学]]))+1)} | U798: {=IF(表成绩单[[#This Row],[政治]]="","",SUMPRODUCT((表成绩单[考试日期]=表成绩单[[#This Row],[考试日期]])*(表成绩单[政治]<9E+307)*(表成绩单[政治]>表成绩单[[#This Row],[政治]]))+1)} -> 794 | V798: {=IF(表成绩单[[#This Row],[历史]]="","",SUMPRODUCT((表成绩单[考试日期]=表成绩单[[#This Row],[考试日期]])*(表成绩单[历史]<9E+307)*(表成绩单[历史]>表成绩单[[#This Row],[历史]]))+1)} | W798: {=IF(表成绩单[[#This Row],[总分]]="","",SUMPRODUCT((表成绩单[考试日期]=表成绩单[[#This Row],[考试日期]])*(表成绩单[总分]<9E+307)*(表成绩单[总分]>表成绩单[[#This Row],[总分]]))+1)} -> 795
D799: 45975 | E799: 19173791 | F799: 九年级9班 | G799: 王威越 | P799: {=IF(表成绩单[[#This Row],[语文]]="","",SUMPRODUCT((表成绩单[考试日期]=表成绩单[[#This Row],[考试日期]])*(表成绩单[语文]<9E+307)*(表成绩单[语文]>表成绩单[[#This Row],[语文]]))+1)} | Q799: {=IF(表成绩单[[#This Row],[数学]]="","",SUMPRODUCT((表成绩单[考试日期]=表成绩单[[#This Row],[考试日期]])*(表成绩单[数学]<9E+307)*(表成绩单[数学]>表成绩单[[#This Row],[数学]]))+1)} | R799: {=IF(表成绩单[[#This Row],[英语]]="","",SUMPRODUCT((表成绩单[考试日期]=表成绩单[[#This Row],[考试日期]])*(表成绩单[英语]<9E+307)*(表成绩单[英语]>表成绩单[[#This Row],[英语]]))+1)} | S799: {=IF(表成绩单[[#This Row],[物理]]="","",SUMPRODUCT((表成绩单[考试日期]=表成绩单[[#This Row],[考试日期]])*(表成绩单[物理]<9E+307)*(表成绩单[物理]>表成绩单[[#This Row],[物理]]))+1)} | T799: {=IF(表成绩单[[#This Row],[化学]]="","",SUMPRODUCT((表成绩单[考试日期]=表成绩单[[#This Row],[考试日期]])*(表成绩单[化学]<9E+307)*(表成绩单[化学]>表成绩单[[#This Row],[化学]]))+1)} | U799: {=IF(表成绩单[[#This Row],[政治]]="","",SUMPRODUCT((表成绩单[考试日期]=表成绩单[[#This Row],[考试日期]])*(表成绩单[政治]<9E+307)*(表成绩单[政治]>表成绩单[[#This Row],[政治]]))+1)} | V799: {=IF(表成绩单[[#This Row],[历史]]="","",SUMPRODUCT((表成绩单[考试日期]=表成绩单[[#This Row],[考试日期]])*(表成绩单[历史]<9E+307)*(表成绩单[历史]>表成绩单[[#This Row],[历史]]))+1)} | W799: {=IF(表成绩单[[#This Row],[总分]]="","",SUMPRODUCT((表成绩单[考试日期]=表成绩单[[#This Row],[考试日期]])*(表成绩单[总分]<9E+307)*(表成绩单[总分]>表成绩单[[#This Row],[总分]]))+1)}
D800: 45975 | E800: 19174808 | F800: 九年级13班 | G800: 钟毓 | H800: 78 | I800: 90 | J800: 70 | K800: 82 | L800: 67 | O800: 387 | P800: {=IF(表成绩单[[#This Row],[语文]]="","",SUMPRODUCT((表成绩单[考试日期]=表成绩单[[#This Row],[考试日期]])*(表成绩单[语文]<9E+307)*(表成绩单[语文]>表成绩单[[#This Row],[语文]]))+1)} -> 728 | Q800: {=IF(表成绩单[[#This Row],[数学]]="","",SUMPRODUCT((表成绩单[考试日期]=表成绩单[[#This Row],[考试日期]])*(表成绩单[数学]<9E+307)*(表成绩单[数学]>表成绩单[[#This Row],[数学]]))+1)} -> 506 | R800: {=IF(表成绩单[[#This Row],[英语]]="","",SUMPRODUCT((表成绩单[考试日期]=表成绩单[[#This Row],[考试日期]])*(表成绩单[英语]<9E+307)*(表成绩单[英语]>表成绩单[[#This Row],[英语]]))+1)} -> 551 | S800: {=IF(表成绩单[[#This Row],[物理]]="","",SUMPRODUCT((表成绩单[考试日期]=表成绩单[[#This Row],[考试日期]])*(表成绩单[物理]<9E+307)*(表成绩单[物理]>表成绩单[[#This Row],[物理]]))+1)} -> 433 | T800: {=IF(表成绩单[[#This Row],[化学]]="","",SUMPRODUCT((表成绩单[考试日期]=表成绩单[[#This Row],[考试日期]])*(表成绩单[化学]<9E+307)*(表成绩单[化学]>表成绩单[[#This Row],[化学]]))+1)} -> 524 | U800: {=IF(表成绩单[[#This Row],[政治]]="","",SUMPRODUCT((表成绩单[考试日期]=表成绩单[[#This Row],[考试日期]])*(表成绩单[政治]<9E+307)*(表成绩单[政治]>表成绩单[[#This Row],[政治]]))+1)} | V800: {=IF(表成绩单[[#This Row],[历史]]="","",SUMPRODUCT((表成绩单[考试日期]=表成绩单[[#This Row],[考试日期]])*(表成绩单[历史]<9E+307)*(表成绩单[历史]>表成绩单[[#This Row],[历史]]))+1)} | W800: {=IF(表成绩单[[#This Row],[总分]]="","",SUMPRODUCT((表成绩单[考试日期]=表成绩单[[#This Row],[考试日期]])*(表成绩单[总分]<9E+307)*(表成绩单[总分]>表成绩单[[#This Row],[总分]]))+1)} -> 759
D801: 45975 | E801: 19175319 | F801: 九年级1班 | G801: 许耀丹 | P801: {=IF(表成绩单[[#This Row],[语文]]="","",SUMPRODUCT((表成绩单[考试日期]=表成绩单[[#This Row],[考试日期]])*(表成绩单[语文]<9E+307)*(表成绩单[语文]>表成绩单[[#This Row],[语文]]))+1)} | Q801: {=IF(表成绩单[[#This Row],[数学]]="","",SUMPRODUCT((表成绩单[考试日期]=表成绩单[[#This Row],[考试日期]])*(表成绩单[数学]<9E+307)*(表成绩单[数学]>表成绩单[[#This Row],[数学]]))+1)} | R801: {=IF(表成绩单[[#This Row],[英语]]="","",SUMPRODUCT((表成绩单[考试日期]=表成绩单[[#This Row],[考试日期]])*(表成绩单[英语]<9E+307)*(表成绩单[英语]>表成绩单[[#This Row],[英语]]))+1)} | S801: {=IF(表成绩单[[#This Row],[物理]]="","",SUMPRODUCT((表成绩单[考试日期]=表成绩单[[#This Row],[考试日期]])*(表成绩单[物理]<9E+307)*(表成绩单[物理]>表成绩单[[#This Row],[物理]]))+1)} | T801: {=IF(表成绩单[[#This Row],[化学]]="","",SUMPRODUCT((表成绩单[考试日期]=表成绩单[[#This Row],[考试日期]])*(表成绩单[化学]<9E+307)*(表成绩单[化学]>表成绩单[[#This Row],[化学]]))+1)} | U801: {=IF(表成绩单[[#This Row],[政治]]="","",SUMPRODUCT((表成绩单[考试日期]=表成绩单[[#This Row],[考试日期]])*(表成绩单[政治]<9E+307)*(表成绩单[政治]>表成绩单[[#This Row],[政治]]))+1)} | V801: {=IF(表成绩单[[#This Row],[历史]]="","",SUMPRODUCT((表成绩单[考试日期]=表成绩单[[#This Row],[考试日期]])*(表成绩单[历史]<9E+307)*(表成绩单[历史]>表成绩单[[#This Row],[历史]]))+1)} | W801: {=IF(表成绩单[[#This Row],[总分]]="","",SUMPRODUCT((表成绩单[考试日期]=表成绩单[[#This Row],[考试日期]])*(表成绩单[总分]<9E+307)*(表成绩单[总分]>表成绩单[[#This Row],[总分]]))+1)}
D802: 45975 | E802: 19175592 | F802: 九年级2班 | G802: 成紫强 | P802: {=IF(表成绩单[[#This Row],[语文]]="","",SUMPRODUCT((表成绩单[考试日期]=表成绩单[[#This Row],[考试日期]])*(表成绩单[语文]<9E+307)*(表成绩单[语文]>表成绩单[[#This Row],[语文]]))+1)} | Q802: {=IF(表成绩单[[#This Row],[数学]]="","",SUMPRODUCT((表成绩单[考试日期]=表成绩单[[#This Row],[考试日期]])*(表成绩单[数学]<9E+307)*(表成绩单[数学]>表成绩单[[#This Row],[数学]]))+1)} | R802: {=IF(表成绩单[[#This Row],[英语]]="","",SUMPRODUCT((表成绩单[考试日期]=表成绩单[[#This Row],[考试日期]])*(表成绩单[英语]<9E+307)*(表成绩单[英语]>表成绩单[[#This Row],[英语]]))+1)} | S802: {=IF(表成绩单[[#This Row],[物理]]="","",SUMPRODUCT((表成绩单[考试日期]=表成绩单[[#This Row],[考试日期]])*(表成绩单[物理]<9E+307)*(表成绩单[物理]>表成绩单[[#This Row],[物理]]))+1)} | T802: {=IF(表成绩单[[#This Row],[化学]]="","",SUMPRODUCT((表成绩单[考试日期]=表成绩单[[#This Row],[考试日期]])*(表成绩单[化学]<9E+307)*(表成绩单[化学]>表成绩单[[#This Row],[化学]]))+1)} | U802: {=IF(表成绩单[[#This Row],[政治]]="","",SUMPRODUCT((表成绩单[考试日期]=表成绩单[[#This Row],[考试日期]])*(表成绩单[政治]<9E+307)*(表成绩单[政治]>表成绩单[[#This Row],[政治]]))+1)} | V802: {=IF(表成绩单[[#This Row],[历史]]="","",SUMPRODUCT((表成绩单[考试日期]=表成绩单[[#This Row],[考试日期]])*(表成绩单[历史]<9E+307)*(表成绩单[历史]>表成绩单[[#This Row],[历史]]))+1)} | W802: {=IF(表成绩单[[#This Row],[总分]]="","",SUMPRODUCT((表成绩单[考试日期]=表成绩单[[#This Row],[考试日期]])*(表成绩单[总分]<9E+307)*(表成绩单[总分]>表成绩单[[#This Row],[总分]]))+1)}
D803: 45975 | E803: 19175619 | F803: 九年级2班 | G803: 闫浩誉 | P803: {=IF(表成绩单[[#This Row],[语文]]="","",SUMPRODUCT((表成绩单[考试日期]=表成绩单[[#This Row],[考试日期]])*(表成绩单[语文]<9E+307)*(表成绩单[语文]>表成绩单[[#This Row],[语文]]))+1)} | Q803: {=IF(表成绩单[[#This Row],[数学]]="","",SUMPRODUCT((表成绩单[考试日期]=表成绩单[[#This Row],[考试日期]])*(表成绩单[数学]<9E+307)*(表成绩单[数学]>表成绩单[[#This Row],[数学]]))+1)} | R803: {=IF(表成绩单[[#This Row],[英语]]="","",SUMPRODUCT((表成绩单[考试日期]=表成绩单[[#This Row],[考试日期]])*(表成绩单[英语]<9E+307)*(表成绩单[英语]>表成绩单[[#This Row],[英语]]))+1)} | S803: {=IF(表成绩单[[#This Row],[物理]]="","",SUMPRODUCT((表成绩单[考试日期]=表成绩单[[#This Row],[考试日期]])*(表成绩单[物理]<9E+307)*(表成绩单[物理]>表成绩单[[#This Row],[物理]]))+1)} | T803: {=IF(表成绩单[[#This Row],[化学]]="","",SUMPRODUCT((表成绩单[考试日期]=表成绩单[[#This Row],[考试日期]])*(表成绩单[化学]<9E+307)*(表成绩单[化学]>表成绩单[[#This Row],[化学]]))+1)} | U803: {=IF(表成绩单[[#This Row],[政治]]="","",SUMPRODUCT((表成绩单[考试日期]=表成绩单[[#This Row],[考试日期]])*(表成绩单[政治]<9E+307)*(表成绩单[政治]>表成绩单[[#This Row],[政治]]))+1)} | V803: {=IF(表成绩单[[#This Row],[历史]]="","",SUMPRODUCT((表成绩单[考试日期]=表成绩单[[#This Row],[考试日期]])*(表成绩单[历史]<9E+307)*(表成绩单[历史]>表成绩单[[#This Row],[历史]]))+1)} | W803: {=IF(表成绩单[[#This Row],[总分]]="","",SUMPRODUCT((表成绩单[考试日期]=表成绩单[[#This Row],[考试日期]])*(表成绩单[总分]<9E+307)*(表成绩单[总分]>表成绩单[[#This Row],[总分]]))+1)}
D804: 45975 | E804: 19175624 | F804: 九年级2班 | G804: 张馨予 | P804: {=IF(表成绩单[[#This Row],[语文]]="","",SUMPRODUCT((表成绩单[考试日期]=表成绩单[[#This Row],[考试日期]])*(表成绩单[语文]<9E+307)*(表成绩单[语文]>表成绩单[[#This Row],[语文]]))+1)} | Q804: {=IF(表成绩单[[#This Row],[数学]]="","",SUMPRODUCT((表成绩单[考试日期]=表成绩单[[#This Row],[考试日期]])*(表成绩单[数学]<9E+307)*(表成绩单[数学]>表成绩单[[#This Row],[数学]]))+1)} | R804: {=IF(表成绩单[[#This Row],[英语]]="","",SUMPRODUCT((表成绩单[考试日期]=表成绩单[[#This Row],[考试日期]])*(表成绩单[英语]<9E+307)*(表成绩单[英语]>表成绩单[[#This Row],[英语]]))+1)} | S804: {=IF(表成绩单[[#This Row],[物理]]="","",SUMPRODUCT((表成绩单[考试日期]=表成绩单[[#This Row],[考试日期]])*(表成绩单[物理]<9E+307)*(表成绩单[物理]>表成绩单[[#This Row],[物理]]))+1)} | T804: {=IF(表成绩单[[#This Row],[化学]]="","",SUMPRODUCT((表成绩单[考试日期]=表成绩单[[#This Row],[考试日期]])*(表成绩单[化学]<9E+307)*(表成绩单[化学]>表成绩单[[#This Row],[化学]]))+1)} | U804: {=IF(表成绩单[[#This Row],[政治]]="","",SUMPRODUCT((表成绩单[考试日期]=表成绩单[[#This Row],[考试日期]])*(表成绩单[政治]<9E+307)*(表成绩单[政治]>表成绩单[[#This Row],[政治]]))+1)} | V804: {=IF(表成绩单[[#This Row],[历史]]="","",SUMPRODUCT((表成绩单[考试日期]=表成绩单[[#This Row],[考试日期]])*(表成绩单[历史]<9E+307)*(表成绩单[历史]>表成绩单[[#This Row],[历史]]))+1)} | W804: {=IF(表成绩单[[#This Row],[总分]]="","",SUMPRODUCT((表成绩单[考试日期]=表成绩单[[#This Row],[考试日期]])*(表成绩单[总分]<9E+307)*(表成绩单[总分]>表成绩单[[#This Row],[总分]]))+1)}
D805: 45975 | E805: 19177598 | F805: 九年级3班 | G805: 何致远 | P805: {=IF(表成绩单[[#This Row],[语文]]="","",SUMPRODUCT((表成绩单[考试日期]=表成绩单[[#This Row],[考试日期]])*(表成绩单[语文]<9E+307)*(表成绩单[语文]>表成绩单[[#This Row],[语文]]))+1)} | Q805: {=IF(表成绩单[[#This Row],[数学]]="","",SUMPRODUCT((表成绩单[考试日期]=表成绩单[[#This Row],[考试日期]])*(表成绩单[数学]<9E+307)*(表成绩单[数学]>表成绩单[[#This Row],[数学]]))+1)} | R805: {=IF(表成绩单[[#This Row],[英语]]="","",SUMPRODUCT((表成绩单[考试日期]=表成绩单[[#This Row],[考试日期]])*(表成绩单[英语]<9E+307)*(表成绩单[英语]>表成绩单[[#This Row],[英语]]))+1)} | S805: {=IF(表成绩单[[#This Row],[物理]]="","",SUMPRODUCT((表成绩单[考试日期]=表成绩单[[#This Row],[考试日期]])*(表成绩单[物理]<9E+307)*(表成绩单[物理]>表成绩单[[#This Row],[物理]]))+1)} | T805: {=IF(表成绩单[[#This Row],[化学]]="","",SUMPRODUCT((表成绩单[考试日期]=表成绩单[[#This Row],[考试日期]])*(表成绩单[化学]<9E+307)*(表成绩单[化学]>表成绩单[[#This Row],[化学]]))+1)} | U805: {=IF(表成绩单[[#This Row],[政治]]="","",SUMPRODUCT((表成绩单[考试日期]=表成绩单[[#This Row],[考试日期]])*(表成绩单[政治]<9E+307)*(表成绩单[政治]>表成绩单[[#This Row],[政治]]))+1)} | V805: {=IF(表成绩单[[#This Row],[历史]]="","",SUMPRODUCT((表成绩单[考试日期]=表成绩单[[#This Row],[考试日期]])*(表成绩单[历史]<9E+307)*(表成绩单[历史]>表成绩单[[#This Row],[历史]]))+1)} | W805: {=IF(表成绩单[[#This Row],[总分]]="","",SUMPRODUCT((表成绩单[考试日期]=表成绩单[[#This Row],[考试日期]])*(表成绩单[总分]<9E+307)*(表成绩单[总分]>表成绩单[[#This Row],[总分]]))+1)}
D806: 46003 | E806: 19173522 | F806: 九年级19班 | G806: 刘彧恺 | H806: 109 | I806: 107 | J806: 84.5 | K806: 99 | L806: 99 | M806: 84 | N806: 88 | O806: 670.5 | P806: {=IF(表成绩单[[#This Row],[语文]]="","",SUMPRODUCT((表成绩单[考试日期]=表成绩单[[#This Row],[考试日期]])*(表成绩单[语文]<9E+307)*(表成绩单[语文]>表成绩单[[#This Row],[语文]]))+1)} -> 111 | Q806: {=IF(表成绩单[[#This Row],[数学]]="","",SUMPRODUCT((表成绩单[考试日期]=表成绩单[[#This Row],[考试日期]])*(表成绩单[数学]<9E+307)*(表成绩单[数学]>表成绩单[[#This Row],[数学]]))+1)} -> 20 | R806: {=IF(表成绩单[[#This Row],[英语]]="","",SUMPRODUCT((表成绩单[考试日期]=表成绩单[[#This Row],[考试日期]])*(表成绩单[英语]<9E+307)*(表成绩单[英语]>表成绩单[[#This Row],[英语]]))+1)} -> 37 | S806: {=IF(表成绩单[[#This Row],[物理]]="","",SUMPRODUCT((表成绩单[考试日期]=表成绩单[[#This Row],[考试日期]])*(表成绩单[物理]<9E+307)*(表成绩单[物理]>表成绩单[[#This Row],[物理]]))+1)} -> 9 | T806: {=IF(表成绩单[[#This Row],[化学]]="","",SUMPRODUCT((表成绩单[考试日期]=表成绩单[[#This Row],[考试日期]])*(表成绩单[化学]<9E+307)*(表成绩单[化学]>表成绩单[[#This Row],[化学]]))+1)} -> 2 | U806: {=IF(表成绩单[[#This Row],[政治]]="","",SUMPRODUCT((表成绩单[考试日期]=表成绩单[[#This Row],[考试日期]])*(表成绩单[政治]<9E+307)*(表成绩单[政治]>表成绩单[[#This Row],[政治]]))+1)} -> 2 | V806: {=IF(表成绩单[[#This Row],[历史]]="","",SUMPRODUCT((表成绩单[考试日期]=表成绩单[[#This Row],[考试日期]])*(表成绩单[历史]<9E+307)*(表成绩单[历史]>表成绩单[[#This Row],[历史]]))+1)} -> 1 | W806: {=IF(表成绩单[[#This Row],[总分]]="","",SUMPRODUCT((表成绩单[考试日期]=表成绩单[[#This Row],[考试日期]])*(表成绩单[总分]<9E+307)*(表成绩单[总分]>表成绩单[[#This Row],[总分]]))+1)} -> 1
D807: 46003 | E807: 19175384 | F807: 九年级18班 | G807: 陈雅诺 | H807: 113 | I807: 113 | J807: 86 | K807: 96 | L807: 97 | M807: 79 | N807: 84 | O807: 668 | P807: {=IF(表成绩单[[#This Row],[语文]]="","",SUMPRODUCT((表成绩单[考试日期]=表成绩单[[#This Row],[考试日期]])*(表成绩单[语文]<9E+307)*(表成绩单[语文]>表成绩单[[#This Row],[语文]]))+1)} -> 22 | Q807: {=IF(表成绩单[[#This Row],[数学]]="","",SUMPRODUCT((表成绩单[考试日期]=表成绩单[[#This Row],[考试日期]])*(表成绩单[数学]<9E+307)*(表成绩单[数学]>表成绩单[[#This Row],[数学]]))+1)} -> 3 | R807: {=IF(表成绩单[[#This Row],[英语]]="","",SUMPRODUCT((表成绩单[考试日期]=表成绩单[[#This Row],[考试日期]])*(表成绩单[英语]<9E+307)*(表成绩单[英语]>表成绩单[[#This Row],[英语]]))+1)} -> 16 | S807: {=IF(表成绩单[[#This Row],[物理]]="","",SUMPRODUCT((表成绩单[考试日期]=表成绩单[[#This Row],[考试日期]])*(表成绩单[物理]<9E+307)*(表成绩单[物理]>表成绩单[[#This Row],[物理]]))+1)} -> 64 | T807: {=IF(表成绩单[[#This Row],[化学]]="","",SUMPRODUCT((表成绩单[考试日期]=表成绩单[[#This Row],[考试日期]])*(表成绩单[化学]<9E+307)*(表成绩单[化学]>表成绩单[[#This Row],[化学]]))+1)} -> 13 | U807: {=IF(表成绩单[[#This Row],[政治]]="","",SUMPRODUCT((表成绩单[考试日期]=表成绩单[[#This Row],[考试日期]])*(表成绩单[政治]<9E+307)*(表成绩单[政治]>表成绩单[[#This Row],[政治]]))+1)} -> 36 | V807: {=IF(表成绩单[[#This Row],[历史]]="","",SUMPRODUCT((表成绩单[考试日期]=表成绩单[[#This Row],[考试日期]])*(表成绩单[历史]<9E+307)*(表成绩单[历史]>表成绩单[[#This Row],[历史]]))+1)} -> 30 | W807: {=IF(表成绩单[[#This Row],[总分]]="","",SUMPRODUCT((表成绩单[考试日期]=表成绩单[[#This Row],[考试日期]])*(表成绩单[总分]<9E+307)*(表成绩单[总分]>表成绩单[[#This Row],[总分]]))+1)} -> 2
D808: 46003 | E808: 19174435 | F808: 九年级17班 | G808: 丁启亮 | H808: 115 | I808: 102 | J808: 88.5 | K808: 99 | L808: 98 | M808: 80 | N808: 84 | O808: 666.5 | P808: {=IF(表成绩单[[#This Row],[语文]]="","",SUMPRODUCT((表成绩单[考试日期]=表成绩单[[#This Row],[考试日期]])*(表成绩单[语文]<9E+307)*(表成绩单[语文]>表成绩单[[#This Row],[语文]]))+1)} -> 7 | Q808: {=IF(表成绩单[[#This Row],[数学]]="","",SUMPRODUCT((表成绩单[考试日期]=表成绩单[[#This Row],[考试日期]])*(表成绩单[数学]<9E+307)*(表成绩单[数学]>表成绩单[[#This Row],[数学]]))+1)} -> 52 | R808: {=IF(表成绩单[[#This Row],[英语]]="","",SUMPRODUCT((表成绩单[考试日期]=表成绩单[[#This Row],[考试日期]])*(表成绩单[英语]<9E+307)*(表成绩单[英语]>表成绩单[[#This Row],[英语]]))+1)} -> 3 | S808: {=IF(表成绩单[[#This Row],[物理]]="","",SUMPRODUCT((表成绩单[考试日期]=表成绩单[[#This Row],[考试日期]])*(表成绩单[物理]<9E+307)*(表成绩单[物理]>表成绩单[[#This Row],[物理]]))+1)} -> 9 | T808: {=IF(表成绩单[[#This Row],[化学]]="","",SUMPRODUCT((表成绩单[考试日期]=表成绩单[[#This Row],[考试日期]])*(表成绩单[化学]<9E+307)*(表成绩单[化学]>表成绩单[[#This Row],[化学]]))+1)} -> 8 | U808: {=IF(表成绩单[[#This Row],[政治]]="","",SUMPRODUCT((表成绩单[考试日期]=表成绩单[[#This Row],[考试日期]])*(表成绩单[政治]<9E+307)*(表成绩单[政治]>表成绩单[[#This Row],[政治]]))+1)} -> 28 | V808: {=IF(表成绩单[[#This Row],[历史]]="","",SUMPRODUCT((表成绩单[考试日期]=表成绩单[[#This Row],[考试日期]])*(表成绩单[历史]<9E+307)*(表成绩单[历史]>表成绩单[[#This Row],[历史]]))+1)} -> 30 | W808: {=IF(表成绩单[[#This Row],[总分]]="","",SUMPRODUCT((表成绩单[考试日期]=表成绩单[[#This Row],[考试日期]])*(表成绩单[总分]<9E+307)*(表成绩单[总分]>表成绩单[[#This Row],[总分]]))+1)} -> 3
D809: 46003 | E809: 19176896 | F809: 九年级15班 | G809: 张艺菱 | H809: 112 | I809: 109 | J809: 89 | K809: 91 | L809: 97 | M809: 80 | N809: 85 | O809: 663 | P809: {=IF(表成绩单[[#This Row],[语文]]="","",SUMPRODUCT((表成绩单[考试日期]=表成绩单[[#This Row],[考试日期]])*(表成绩单[语文]<9E+307)*(表成绩单[语文]>表成绩单[[#This Row],[语文]]))+1)} -> 36 | Q809: {=IF(表成绩单[[#This Row],[数学]]="","",SUMPRODUCT((表成绩单[考试日期]=表成绩单[[#This Row],[考试日期]])*(表成绩单[数学]<9E+307)*(表成绩单[数学]>表成绩单[[#This Row],[数学]]))+1)} -> 10 | R809: {=IF(表成绩单[[#This Row],[英语]]="","",SUMPRODUCT((表成绩单[考试日期]=表成绩单[[#This Row],[考试日期]])*(表成绩单[英语]<9E+307)*(表成绩单[英语]>表成绩单[[#This Row],[英语]]))+1)} -> 2 | S809: {=IF(表成绩单[[#This Row],[物理]]="","",SUMPRODUCT((表成绩单[考试日期]=表成绩单[[#This Row],[考试日期]])*(表成绩单[物理]<9E+307)*(表成绩单[物理]>表成绩单[[#This Row],[物理]]))+1)} -> 220 | T809: {=IF(表成绩单[[#This Row],[化学]]="","",SUMPRODUCT((表成绩单[考试日期]=表成绩单[[#This Row],[考试日期]])*(表成绩单[化学]<9E+307)*(表成绩单[化学]>表成绩单[[#This Row],[化学]]))+1)} -> 13 | U809: {=IF(表成绩单[[#This Row],[政治]]="","",SUMPRODUCT((表成绩单[考试日期]=表成绩单[[#This Row],[考试日期]])*(表成绩单[政治]<9E+307)*(表成绩单[政治]>表成绩单[[#This Row],[政治]]))+1)} -> 28 | V809: {=IF(表成绩单[[#This Row],[历史]]="","",SUMPRODUCT((表成绩单[考试日期]=表成绩单[[#This Row],[考试日期]])*(表成绩单[历史]<9E+307)*(表成绩单[历史]>表成绩单[[#This Row],[历史]]))+1)} -> 12 | W809: {=IF(表成绩单[[#This Row],[总分]]="","",SUMPRODUCT((表成绩单[考试日期]=表成绩单[[#This Row],[考试日期]])*(表成绩单[总分]<9E+307)*(表成绩单[总分]>表成绩单[[#This Row],[总分]]))+1)} -> 4
D810: 46003 | E810: 19175395 | F810: 九年级18班 | G810: 李卓烜 | H810: 117 | I810: 106 | J810: 83.5 | K810: 99 | L810: 95 | M810: 80 | N810: 80 | O810: 660.5 | P810: {=IF(表成绩单[[#This Row],[语文]]="","",SUMPRODUCT((表成绩单[考试日期]=表成绩单[[#This Row],[考试日期]])*(表成绩单[语文]<9E+307)*(表成绩单[语文]>表成绩单[[#This Row],[语文]]))+1)} -> 3 | Q810: {=IF(表成绩单[[#This Row],[数学]]="","",SUMPRODUCT((表成绩单[考试日期]=表成绩单[[#This Row],[考试日期]])*(表成绩单[数学]<9E+307)*(表成绩单[数学]>表成绩单[[#This Row],[数学]]))+1)} -> 23 | R810: {=IF(表成绩单[[#This Row],[英语]]="","",SUMPRODUCT((表成绩单[考试日期]=表成绩单[[#This Row],[考试日期]])*(表成绩单[英语]<9E+307)*(表成绩单[英语]>表成绩单[[#This Row],[英语]]))+1)} -> 57 | S810: {=IF(表成绩单[[#This Row],[物理]]="","",SUMPRODUCT((表成绩单[考试日期]=表成绩单[[#This Row],[考试日期]])*(表成绩单[物理]<9E+307)*(表成绩单[物理]>表成绩单[[#This Row],[物理]]))+1)} -> 9 | T810: {=IF(表成绩单[[#This Row],[化学]]="","",SUMPRODUCT((表成绩单[考试日期]=表成绩单[[#This Row],[考试日期]])*(表成绩单[化学]<9E+307)*(表成绩单[化学]>表成绩单[[#This Row],[化学]]))+1)} -> 37 | U810: {=IF(表成绩单[[#This Row],[政治]]="","",SUMPRODUCT((表成绩单[考试日期]=表成绩单[[#This Row],[考试日期]])*(表成绩单[政治]<9E+307)*(表成绩单[政治]>表成绩单[[#This Row],[政治]]))+1)} -> 28 | V810: {=IF(表成绩单[[#This Row],[历史]]="","",SUMPRODUCT((表成绩单[考试日期]=表成绩单[[#This Row],[考试日期]])*(表成绩单[历史]<9E+307)*(表成绩单[历史]>表成绩单[[#This Row],[历史]]))+1)} -> 116 | W810: {=IF(表成绩单[[#This Row],[总分]]="","",SUMPRODUCT((表成绩单[考试日期]=表成绩单[[#This Row],[考试日期]])*(表成绩单[总分]<9E+307)*(表成绩单[总分]>表成绩单[[#This Row],[总分]]))+1)} -> 5
D811: 46003 | E811: 19173524 | F811: 九年级19班 | G811: 陆智波 | H811: 115 | I811: 109 | J811: 86 | K811: 100 | L811: 96 | M811: 76 | N811: 76 | O811: 658 | P811: {=IF(表成绩单[[#This Row],[语文]]="","",SUMPRODUCT((表成绩单[考试日期]=表成绩单[[#This Row],[考试日期]])*(表成绩单[语文]<9E+307)*(表成绩单[语文]>表成绩单[[#This Row],[语文]]))+1)} -> 7 | Q811: {=IF(表成绩单[[#This Row],[数学]]="","",SUMPRODUCT((表成绩单[考试日期]=表成绩单[[#This Row],[考试日期]])*(表成绩单[数学]<9E+307)*(表成绩单[数学]>表成绩单[[#This Row],[数学]]))+1)} -> 10 | R811: {=IF(表成绩单[[#This Row],[英语]]="","",SUMPRODUCT((表成绩单[考试日期]=表成绩单[[#This Row],[考试日期]])*(表成绩单[英语]<9E+307)*(表成绩单[英语]>表成绩单[[#This Row],[英语]]))+1)} -> 16 | S811: {=IF(表成绩单[[#This Row],[物理]]="","",SUMPRODUCT((表成绩单[考试日期]=表成绩单[[#This Row],[考试日期]])*(表成绩单[物理]<9E+307)*(表成绩单[物理]>表成绩单[[#This Row],[物理]]))+1)} -> 1 | T811: {=IF(表成绩单[[#This Row],[化学]]="","",SUMPRODUCT((表成绩单[考试日期]=表成绩单[[#This Row],[考试日期]])*(表成绩单[化学]<9E+307)*(表成绩单[化学]>表成绩单[[#This Row],[化学]]))+1)} -> 24 | U811: {=IF(表成绩单[[#This Row],[政治]]="","",SUMPRODUCT((表成绩单[考试日期]=表成绩单[[#This Row],[考试日期]])*(表成绩单[政治]<9E+307)*(表成绩单[政治]>表成绩单[[#This Row],[政治]]))+1)} -> 77 | V811: {=IF(表成绩单[[#This Row],[历史]]="","",SUMPRODUCT((表成绩单[考试日期]=表成绩单[[#This Row],[考试日期]])*(表成绩单[历史]<9E+307)*(表成绩单[历史]>表成绩单[[#This Row],[历史]]))+1)} -> 279 | W811: {=IF(表成绩单[[#This Row],[总分]]="","",SUMPRODUCT((表成绩单[考试日期]=表成绩单[[#This Row],[考试日期]])*(表成绩单[总分]<9E+307)*(表成绩单[总分]>表成绩单[[#This Row],[总分]]))+1)} -> 6
D812: 46003 | E812: 19175400 | F812: 九年级18班 | G812: 刘颖珊 | H812: 113 | I812: 106 | J812: 86 | K812: 98 | L812: 97 | M812: 76 | N812: 81 | O812: 657 | P812: {=IF(表成绩单[[#This Row],[语文]]="","",SUMPRODUCT((表成绩单[考试日期]=表成绩单[[#This Row],[考试日期]])*(表成绩单[语文]<9E+307)*(表成绩单[语文]>表成绩单[[#This Row],[语文]]))+1)} -> 22 | Q812: {=IF(表成绩单[[#This Row],[数学]]="","",SUMPRODUCT((表成绩单[考试日期]=表成绩单[[#This Row],[考试日期]])*(表成绩单[数学]<9E+307)*(表成绩单[数学]>表成绩单[[#This Row],[数学]]))+1)} -> 23 | R812: {=IF(表成绩单[[#This Row],[英语]]="","",SUMPRODUCT((表成绩单[考试日期]=表成绩单[[#This Row],[考试日期]])*(表成绩单[英语]<9E+307)*(表成绩单[英语]>表成绩单[[#This Row],[英语]]))+1)} -> 16 | S812: {=IF(表成绩单[[#This Row],[物理]]="","",SUMPRODUCT((表成绩单[考试日期]=表成绩单[[#This Row],[考试日期]])*(表成绩单[物理]<9E+307)*(表成绩单[物理]>表成绩单[[#This Row],[物理]]))+1)} -> 26 | T812: {=IF(表成绩单[[#This Row],[化学]]="","",SUMPRODUCT((表成绩单[考试日期]=表成绩单[[#This Row],[考试日期]])*(表成绩单[化学]<9E+307)*(表成绩单[化学]>表成绩单[[#This Row],[化学]]))+1)} -> 13 | U812: {=IF(表成绩单[[#This Row],[政治]]="","",SUMPRODUCT((表成绩单[考试日期]=表成绩单[[#This Row],[考试日期]])*(表成绩单[政治]<9E+307)*(表成绩单[政治]>表成绩单[[#This Row],[政治]]))+1)} -> 77 | V812: {=IF(表成绩单[[#This Row],[历史]]="","",SUMPRODUCT((表成绩单[考试日期]=表成绩单[[#This Row],[考试日期]])*(表成绩单[历史]<9E+307)*(表成绩单[历史]>表成绩单[[#This Row],[历史]]))+1)} -> 92 | W812: {=IF(表成绩单[[#This Row],[总分]]="","",SUMPRODUCT((表成绩单[考试日期]=表成绩单[[#This Row],[考试日期]])*(表成绩单[总分]<9E+307)*(表成绩单[总分]>表成绩单[[#This Row],[总分]]))+1)} -> 7
D813: 46003 | E813: 19175393 | F813: 九年级18班 | G813: 李佳妍 | H813: 111 | I813: 100 | J813: 84 | K813: 97 | L813: 95 | M813: 82 | N813: 86 | O813: 655 | P813: {=IF(表成绩单[[#This Row],[语文]]="","",SUMPRODUCT((表成绩单[考试日期]=表成绩单[[#This Row],[考试日期]])*(表成绩单[语文]<9E+307)*(表成绩单[语文]>表成绩单[[#This Row],[语文]]))+1)} -> 56 | Q813: {=IF(表成绩单[[#This Row],[数学]]="","",SUMPRODUCT((表成绩单[考试日期]=表成绩单[[#This Row],[考试日期]])*(表成绩单[数学]<9E+307)*(表成绩单[数学]>表成绩单[[#This Row],[数学]]))+1)} -> 77 | R813: {=IF(表成绩单[[#This Row],[英语]]="","",SUMPRODUCT((表成绩单[考试日期]=表成绩单[[#This Row],[考试日期]])*(表成绩单[英语]<9E+307)*(表成绩单[英语]>表成绩单[[#This Row],[英语]]))+1)} -> 48 | S813: {=IF(表成绩单[[#This Row],[物理]]="","",SUMPRODUCT((表成绩单[考试日期]=表成绩单[[#This Row],[考试日期]])*(表成绩单[物理]<9E+307)*(表成绩单[物理]>表成绩单[[#This Row],[物理]]))+1)} -> 43 | T813: {=IF(表成绩单[[#This Row],[化学]]="","",SUMPRODUCT((表成绩单[考试日期]=表成绩单[[#This Row],[考试日期]])*(表成绩单[化学]<9E+307)*(表成绩单[化学]>表成绩单[[#This Row],[化学]]))+1)} -> 37 | U813: {=IF(表成绩单[[#This Row],[政治]]="","",SUMPRODUCT((表成绩单[考试日期]=表成绩单[[#This Row],[考试日期]])*(表成绩单[政治]<9E+307)*(表成绩单[政治]>表成绩单[[#This Row],[政治]]))+1)} -> 13 | V813: {=IF(表成绩单[[#This Row],[历史]]="","",SUMPRODUCT((表成绩单[考试日期]=表成绩单[[#This Row],[考试日期]])*(表成绩单[历史]<9E+307)*(表成绩单[历史]>表成绩单[[#This Row],[历史]]))+1)} -> 6 | W813: {=IF(表成绩单[[#This Row],[总分]]="","",SUMPRODUCT((表成绩单[考试日期]=表成绩单[[#This Row],[考试日期]])*(表成绩单[总分]<9E+307)*(表成绩单[总分]>表成绩单[[#This Row],[总分]]))+1)} -> 8
D814: 46003 | E814: 19175396 | F814: 九年级18班 | G814: 林子然 | H814: 107 | I814: 106 | J814: 83 | K814: 98 | L814: 98 | M814: 82 | N814: 81 | O814: 655 | P814: {=IF(表成绩单[[#This Row],[语文]]="","",SUMPRODUCT((表成绩单[考试日期]=表成绩单[[#This Row],[考试日期]])*(表成绩单[语文]<9E+307)*(表成绩单[语文]>表成绩单[[#This Row],[语文]]))+1)} -> 182 | Q814: {=IF(表成绩单[[#This Row],[数学]]="","",SUMPRODUCT((表成绩单[考试日期]=表成绩单[[#This Row],[考试日期]])*(表成绩单[数学]<9E+307)*(表成绩单[数学]>表成绩单[[#This Row],[数学]]))+1)} -> 23 | R814: {=IF(表成绩单[[#This Row],[英语]]="","",SUMPRODUCT((表成绩单[考试日期]=表成绩单[[#This Row],[考试日期]])*(表成绩单[英语]<9E+307)*(表成绩单[英语]>表成绩单[[#This Row],[英语]]))+1)} -> 70 | S814: {=IF(表成绩单[[#This Row],[物理]]="","",SUMPRODUCT((表成绩单[考试日期]=表成绩单[[#This Row],[考试日期]])*(表成绩单[物理]<9E+307)*(表成绩单[物理]>表成绩单[[#This Row],[物理]]))+1)} -> 26 | T814: {=IF(表成绩单[[#This Row],[化学]]="","",SUMPRODUCT((表成绩单[考试日期]=表成绩单[[#This Row],[考试日期]])*(表成绩单[化学]<9E+307)*(表成绩单[化学]>表成绩单[[#This Row],[化学]]))+1)} -> 8 | U814: {=IF(表成绩单[[#This Row],[政治]]="","",SUMPRODUCT((表成绩单[考试日期]=表成绩单[[#This Row],[考试日期]])*(表成绩单[政治]<9E+307)*(表成绩单[政治]>表成绩单[[#This Row],[政治]]))+1)} -> 13 | V814: {=IF(表成绩单[[#This Row],[历史]]="","",SUMPRODUCT((表成绩单[考试日期]=表成绩单[[#This Row],[考试日期]])*(表成绩单[历史]<9E+307)*(表成绩单[历史]>表成绩单[[#This Row],[历史]]))+1)} -> 92 | W814: {=IF(表成绩单[[#This Row],[总分]]="","",SUMPRODUCT((表成绩单[考试日期]=表成绩单[[#This Row],[考试日期]])*(表成绩单[总分]<9E+307)*(表成绩单[总分]>表成绩单[[#This Row],[总分]]))+1)} -> 8
D815: 46003 | E815: 19175407 | F815: 九年级18班 | G815: 彭尔听 | H815: 114 | I815: 102 | J815: 87.5 | K815: 95 | L815: 95 | M815: 76 | N815: 85 | O815: 654.5 | P815: {=IF(表成绩单[[#This Row],[语文]]="","",SUMPRODUCT((表成绩单[考试日期]=表成绩单[[#This Row],[考试日期]])*(表成绩单[语文]<9E+307)*(表成绩单[语文]>表成绩单[[#This Row],[语文]]))+1)} -> 13 | Q815: {=IF(表成绩单[[#This Row],[数学]]="","",SUMPRODUCT((表成绩单[考试日期]=表成绩单[[#This Row],[考试日期]])*(表成绩单[数学]<9E+307)*(表成绩单[数学]>表成绩单[[#This Row],[数学]]))+1)} -> 52 | R815: {=IF(表成绩单[[#This Row],[英语]]="","",SUMPRODUCT((表成绩单[考试日期]=表成绩单[[#This Row],[考试日期]])*(表成绩单[英语]<9E+307)*(表成绩单[英语]>表成绩单[[#This Row],[英语]]))+1)} -> 6 | S815: {=IF(表成绩单[[#This Row],[物理]]="","",SUMPRODUCT((表成绩单[考试日期]=表成绩单[[#This Row],[考试日期]])*(表成绩单[物理]<9E+307)*(表成绩单[物理]>表成绩单[[#This Row],[物理]]))+1)} -> 97 | T815: {=IF(表成绩单[[#This Row],[化学]]="","",SUMPRODUCT((表成绩单[考试日期]=表成绩单[[#This Row],[考试日期]])*(表成绩单[化学]<9E+307)*(表成绩单[化学]>表成绩单[[#This Row],[化学]]))+1)} -> 37 | U815: {=IF(表成绩单[[#This Row],[政治]]="","",SUMPRODUCT((表成绩单[考试日期]=表成绩单[[#This Row],[考试日期]])*(表成绩单[政治]<9E+307)*(表成绩单[政治]>表成绩单[[#This Row],[政治]]))+1)} -> 77 | V815: {=IF(表成绩单[[#This Row],[历史]]="","",SUMPRODUCT((表成绩单[考试日期]=表成绩单[[#This Row],[考试日期]])*(表成绩单[历史]<9E+307)*(表成绩单[历史]>表成绩单[[#This Row],[历史]]))+1)} -> 12 | W815: {=IF(表成绩单[[#This Row],[总分]]="","",SUMPRODUCT((表成绩单[考试日期]=表成绩单[[#This Row],[考试日期]])*(表成绩单[总分]<9E+307)*(表成绩单[总分]>表成绩单[[#This Row],[总分]]))+1)} -> 10
D816: 46003 | E816: 19176874 | F816: 九年级15班 | G816: 李知与 | H816: 113 | I816: 101 | J816: 83.5 | K816: 94 | L816: 93 | M816: 85 | N816: 85 | O816: 654.5 | P816: {=IF(表成绩单[[#This Row],[语文]]="","",SUMPRODUCT((表成绩单[考试日期]=表成绩单[[#This Row],[考试日期]])*(表成绩单[语文]<9E+307)*(表成绩单[语文]>表成绩单[[#This Row],[语文]]))+1)} -> 22 | Q816: {=IF(表成绩单[[#This Row],[数学]]="","",SUMPRODUCT((表成绩单[考试日期]=表成绩单[[#This Row],[考试日期]])*(表成绩单[数学]<9E+307)*(表成绩单[数学]>表成绩单[[#This Row],[数学]]))+1)} -> 68 | R816: {=IF(表成绩单[[#This Row],[英语]]="","",SUMPRODUCT((表成绩单[考试日期]=表成绩单[[#This Row],[考试日期]])*(表成绩单[英语]<9E+307)*(表成绩单[英语]>表成绩单[[#This Row],[英语]]))+1)} -> 57 | S816: {=IF(表成绩单[[#This Row],[物理]]="","",SUMPRODUCT((表成绩单[考试日期]=表成绩单[[#This Row],[考试日期]])*(表成绩单[物理]<9E+307)*(表成绩单[物理]>表成绩单[[#This Row],[物理]]))+1)} -> 125 | T816: {=IF(表成绩单[[#This Row],[化学]]="","",SUMPRODUCT((表成绩单[考试日期]=表成绩单[[#This Row],[考试日期]])*(表成绩单[化学]<9E+307)*(表成绩单[化学]>表成绩单[[#This Row],[化学]]))+1)} -> 73 | U816: {=IF(表成绩单[[#This Row],[政治]]="","",SUMPRODUCT((表成绩单[考试日期]=表成绩单[[#This Row],[考试日期]])*(表成绩单[政治]<9E+307)*(表成绩单[政治]>表成绩单[[#This Row],[政治]]))+1)} -> 1 | V816: {=IF(表成绩单[[#This Row],[历史]]="","",SUMPRODUCT((表成绩单[考试日期]=表成绩单[[#This Row],[考试日期]])*(表成绩单[历史]<9E+307)*(表成绩单[历史]>表成绩单[[#This Row],[历史]]))+1)} -> 12 | W816: {=IF(表成绩单[[#This Row],[总分]]="","",SUMPRODUCT((表成绩单[考试日期]=表成绩单[[#This Row],[考试日期]])*(表成绩单[总分]<9E+307)*(表成绩单[总分]>表成绩单[[#This Row],[总分]]))+1)} -> 10
D817: 46003 | E817: 19173532 | F817: 九年级19班 | G817: 吴沐恩 | H817: 112 | I817: 113 | J817: 86 | K817: 97 | L817: 93 | M817: 73 | N817: 80 | O817: 654 | P817: {=IF(表成绩单[[#This Row],[语文]]="","",SUMPRODUCT((表成绩单[考试日期]=表成绩单[[#This Row],[考试日期]])*(表成绩单[语文]<9E+307)*(表成绩单[语文]>表成绩单[[#This Row],[语文]]))+1)} -> 36 | Q817: {=IF(表成绩单[[#This Row],[数学]]="","",SUMPRODUCT((表成绩单[考试日期]=表成绩单[[#This Row],[考试日期]])*(表成绩单[数学]<9E+307)*(表成绩单[数学]>表成绩单[[#This Row],[数学]]))+1)} -> 3 | R817: {=IF(表成绩单[[#This Row],[英语]]="","",SUMPRODUCT((表成绩单[考试日期]=表成绩单[[#This Row],[考试日期]])*(表成绩单[英语]<9E+307)*(表成绩单[英语]>表成绩单[[#This Row],[英语]]))+1)} -> 16 | S817: {=IF(表成绩单[[#This Row],[物理]]="","",SUMPRODUCT((表成绩单[考试日期]=表成绩单[[#This Row],[考试日期]])*(表成绩单[物理]<9E+307)*(表成绩单[物理]>表成绩单[[#This Row],[物理]]))+1)} -> 43 | T817: {=IF(表成绩单[[#This Row],[化学]]="","",SUMPRODUCT((表成绩单[考试日期]=表成绩单[[#This Row],[考试日期]])*(表成绩单[化学]<9E+307)*(表成绩单[化学]>表成绩单[[#This Row],[化学]]))+1)} -> 73 | U817: {=IF(表成绩单[[#This Row],[政治]]="","",SUMPRODUCT((表成绩单[考试日期]=表成绩单[[#This Row],[考试日期]])*(表成绩单[政治]<9E+307)*(表成绩单[政治]>表成绩单[[#This Row],[政治]]))+1)} -> 139 | V817: {=IF(表成绩单[[#This Row],[历史]]="","",SUMPRODUCT((表成绩单[考试日期]=表成绩单[[#This Row],[考试日期]])*(表成绩单[历史]<9E+307)*(表成绩单[历史]>表成绩单[[#This Row],[历史]]))+1)} -> 116 | W817: {=IF(表成绩单[[#This Row],[总分]]="","",SUMPRODUCT((表成绩单[考试日期]=表成绩单[[#This Row],[考试日期]])*(表成绩单[总分]<9E+307)*(表成绩单[总分]>表成绩单[[#This Row],[总分]]))+1)} -> 12
... D1529: 46003 | E1529: 19175993 | F1529: 九年级4班 | G1529: 李冠聪 | H1529: 23 | I1529: 21 | J1529: 49 | K1529: 14 | L1529: 16 | M1529: 25 | N1529: 24 | O1529: 172 | P1529: {=IF(表成绩单[[#This Row],[语文]]="","",SUMPRODUCT((表成绩单[考试日期]=表成绩单[[#This Row],[考试日期]])*(表成绩单[语文]<9E+307)*(表成绩单[语文]>表成绩单[[#This Row],[语文]]))+1)} -> 730 | Q1529: {=IF(表成绩单[[#This Row],[数学]]="","",SUMPRODUCT((表成绩单[考试日期]=表成绩单[[#This Row],[考试日期]])*(表成绩单[数学]<9E+307)*(表成绩单[数学]>表成绩单[[#This Row],[数学]]))+1)} -> 706 | R1529: {=IF(表成绩单[[#This Row],[英语]]="","",SUMPRODUCT((表成绩单[考试日期]=表成绩单[[#This Row],[考试日期]])*(表成绩单[英语]<9E+307)*(表成绩单[英语]>表成绩单[[#This Row],[英语]]))+1)} -> 609 | S1529: {=IF(表成绩单[[#This Row],[物理]]="","",SUMPRODUCT((表成绩单[考试日期]=表成绩单[[#This Row],[考试日期]])*(表成绩单[物理]<9E+307)*(表成绩单[物理]>表成绩单[[#This Row],[物理]]))+1)} -> 729 | T1529: {=IF(表成绩单[[#This Row],[化学]]="","",SUMPRODUCT((表成绩单[考试日期]=表成绩单[[#This Row],[考试日期]])*(表成绩单[化学]<9E+307)*(表成绩单[化学]>表成绩单[[#This Row],[化学]]))+1)} -> 732 | U1529: {=IF(表成绩单[[#This Row],[政治]]="","",SUMPRODUCT((表成绩单[考试日期]=表成绩单[[#This Row],[考试日期]])*(表成绩单[政治]<9E+307)*(表成绩单[政治]>表成绩单[[#This Row],[政治]]))+1)} -> 731 | V1529: {=IF(表成绩单[[#This Row],[历史]]="","",SUMPRODUCT((表成绩单[考试日期]=表成绩单[[#This Row],[考试日期]])*(表成绩单[历史]<9E+307)*(表成绩单[历史]>表成绩单[[#This Row],[历史]]))+1)} -> 736 | W1529: {=IF(表成绩单[[#This Row],[总分]]="","",SUMPRODUCT((表成绩单[考试日期]=表成绩单[[#This Row],[考试日期]])*(表成绩单[总分]<9E+307)*(表成绩单[总分]>表成绩单[[#This Row],[总分]]))+1)} -> 733
D1530: 46003 | E1530: 19171076 | F1530: 九年级12班 | G1530: 蔡卓燃 | P1530: {=IF(表成绩单[[#This Row],[语文]]="","",SUMPRODUCT((表成绩单[考试日期]=表成绩单[[#This Row],[考试日期]])*(表成绩单[语文]<9E+307)*(表成绩单[语文]>表成绩单[[#This Row],[语文]]))+1)} | Q1530: {=IF(表成绩单[[#This Row],[数学]]="","",SUMPRODUCT((表成绩单[考试日期]=表成绩单[[#This Row],[考试日期]])*(表成绩单[数学]<9E+307)*(表成绩单[数学]>表成绩单[[#This Row],[数学]]))+1)} | R1530: {=IF(表成绩单[[#This Row],[英语]]="","",SUMPRODUCT((表成绩单[考试日期]=表成绩单[[#This Row],[考试日期]])*(表成绩单[英语]<9E+307)*(表成绩单[英语]>表成绩单[[#This Row],[英语]]))+1)} | S1530: {=IF(表成绩单[[#This Row],[物理]]="","",SUMPRODUCT((表成绩单[考试日期]=表成绩单[[#This Row],[考试日期]])*(表成绩单[物理]<9E+307)*(表成绩单[物理]>表成绩单[[#This Row],[物理]]))+1)} | T1530: {=IF(表成绩单[[#This Row],[化学]]="","",SUMPRODUCT((表成绩单[考试日期]=表成绩单[[#This Row],[考试日期]])*(表成绩单[化学]<9E+307)*(表成绩单[化学]>表成绩单[[#This Row],[化学]]))+1)} | U1530: {=IF(表成绩单[[#This Row],[政治]]="","",SUMPRODUCT((表成绩单[考试日期]=表成绩单[[#This Row],[考试日期]])*(表成绩单[政治]<9E+307)*(表成绩单[政治]>表成绩单[[#This Row],[政治]]))+1)} | V1530: {=IF(表成绩单[[#This Row],[历史]]="","",SUMPRODUCT((表成绩单[考试日期]=表成绩单[[#This Row],[考试日期]])*(表成绩单[历史]<9E+307)*(表成绩单[历史]>表成绩单[[#This Row],[历史]]))+1)} | W1530: {=IF(表成绩单[[#This Row],[总分]]="","",SUMPRODUCT((表成绩单[考试日期]=表成绩单[[#This Row],[考试日期]])*(表成绩单[总分]<9E+307)*(表成绩单[总分]>表成绩单[[#This Row],[总分]]))+1)}
D1531: 46003 | E1531: 19171083 | F1531: 九年级12班 | G1531: 郭彦熙 | P1531: {=IF(表成绩单[[#This Row],[语文]]="","",SUMPRODUCT((表成绩单[考试日期]=表成绩单[[#This Row],[考试日期]])*(表成绩单[语文]<9E+307)*(表成绩单[语文]>表成绩单[[#This Row],[语文]]))+1)} | Q1531: {=IF(表成绩单[[#This Row],[数学]]="","",SUMPRODUCT((表成绩单[考试日期]=表成绩单[[#This Row],[考试日期]])*(表成绩单[数学]<9E+307)*(表成绩单[数学]>表成绩单[[#This Row],[数学]]))+1)} | R1531: {=IF(表成绩单[[#This Row],[英语]]="","",SUMPRODUCT((表成绩单[考试日期]=表成绩单[[#This Row],[考试日期]])*(表成绩单[英语]<9E+307)*(表成绩单[英语]>表成绩单[[#This Row],[英语]]))+1)} | S1531: {=IF(表成绩单[[#This Row],[物理]]="","",SUMPRODUCT((表成绩单[考试日期]=表成绩单[[#This Row],[考试日期]])*(表成绩单[物理]<9E+307)*(表成绩单[物理]>表成绩单[[#This Row],[物理]]))+1)} | T1531: {=IF(表成绩单[[#This Row],[化学]]="","",SUMPRODUCT((表成绩单[考试日期]=表成绩单[[#This Row],[考试日期]])*(表成绩单[化学]<9E+307)*(表成绩单[化学]>表成绩单[[#This Row],[化学]]))+1)} | U1531: {=IF(表成绩单[[#This Row],[政治]]="","",SUMPRODUCT((表成绩单[考试日期]=表成绩单[[#This Row],[考试日期]])*(表成绩单[政治]<9E+307)*(表成绩单[政治]>表成绩单[[#This Row],[政治]]))+1)} | V1531: {=IF(表成绩单[[#This Row],[历史]]="","",SUMPRODUCT((表成绩单[考试日期]=表成绩单[[#This Row],[考试日期]])*(表成绩单[历史]<9E+307)*(表成绩单[历史]>表成绩单[[#This Row],[历史]]))+1)} | W1531: {=IF(表成绩单[[#This Row],[总分]]="","",SUMPRODUCT((表成绩单[考试日期]=表成绩单[[#This Row],[考试日期]])*(表成绩单[总分]<9E+307)*(表成绩单[总分]>表成绩单[[#This Row],[总分]]))+1)}
D1532: 46003 | E1532: 19171084 | F1532: 九年级12班 | G1532: 何曦 | P1532: {=IF(表成绩单[[#This Row],[语文]]="","",SUMPRODUCT((表成绩单[考试日期]=表成绩单[[#This Row],[考试日期]])*(表成绩单[语文]<9E+307)*(表成绩单[语文]>表成绩单[[#This Row],[语文]]))+1)} | Q1532: {=IF(表成绩单[[#This Row],[数学]]="","",SUMPRODUCT((表成绩单[考试日期]=表成绩单[[#This Row],[考试日期]])*(表成绩单[数学]<9E+307)*(表成绩单[数学]>表成绩单[[#This Row],[数学]]))+1)} | R1532: {=IF(表成绩单[[#This Row],[英语]]="","",SUMPRODUCT((表成绩单[考试日期]=表成绩单[[#This Row],[考试日期]])*(表成绩单[英语]<9E+307)*(表成绩单[英语]>表成绩单[[#This Row],[英语]]))+1)} | S1532: {=IF(表成绩单[[#This Row],[物理]]="","",SUMPRODUCT((表成绩单[考试日期]=表成绩单[[#This Row],[考试日期]])*(表成绩单[物理]<9E+307)*(表成绩单[物理]>表成绩单[[#This Row],[物理]]))+1)} | T1532: {=IF(表成绩单[[#This Row],[化学]]="","",SUMPRODUCT((表成绩单[考试日期]=表成绩单[[#This Row],[考试日期]])*(表成绩单[化学]<9E+307)*(表成绩单[化学]>表成绩单[[#This Row],[化学]]))+1)} | U1532: {=IF(表成绩单[[#This Row],[政治]]="","",SUMPRODUCT((表成绩单[考试日期]=表成绩单[[#This Row],[考试日期]])*(表成绩单[政治]<9E+307)*(表成绩单[政治]>表成绩单[[#This Row],[政治]]))+1)} | V1532: {=IF(表成绩单[[#This Row],[历史]]="","",SUMPRODUCT((表成绩单[考试日期]=表成绩单[[#This Row],[考试日期]])*(表成绩单[历史]<9E+307)*(表成绩单[历史]>表成绩单[[#This Row],[历史]]))+1)} | W1532: {=IF(表成绩单[[#This Row],[总分]]="","",SUMPRODUCT((表成绩单[考试日期]=表成绩单[[#This Row],[考试日期]])*(表成绩单[总分]<9E+307)*(表成绩单[总分]>表成绩单[[#This Row],[总分]]))+1)}
D1533: 46003 | E1533: 19172629 | F1533: 九年级5班 | G1533: 冯颖慧 | P1533: {=IF(表成绩单[[#This Row],[语文]]="","",SUMPRODUCT((表成绩单[考试日期]=表成绩单[[#This Row],[考试日期]])*(表成绩单[语文]<9E+307)*(表成绩单[语文]>表成绩单[[#This Row],[语文]]))+1)} | Q1533: {=IF(表成绩单[[#This Row],[数学]]="","",SUMPRODUCT((表成绩单[考试日期]=表成绩单[[#This Row],[考试日期]])*(表成绩单[数学]<9E+307)*(表成绩单[数学]>表成绩单[[#This Row],[数学]]))+1)} | R1533: {=IF(表成绩单[[#This Row],[英语]]="","",SUMPRODUCT((表成绩单[考试日期]=表成绩单[[#This Row],[考试日期]])*(表成绩单[英语]<9E+307)*(表成绩单[英语]>表成绩单[[#This Row],[英语]]))+1)} | S1533: {=IF(表成绩单[[#This Row],[物理]]="","",SUMPRODUCT((表成绩单[考试日期]=表成绩单[[#This Row],[考试日期]])*(表成绩单[物理]<9E+307)*(表成绩单[物理]>表成绩单[[#This Row],[物理]]))+1)} | T1533: {=IF(表成绩单[[#This Row],[化学]]="","",SUMPRODUCT((表成绩单[考试日期]=表成绩单[[#This Row],[考试日期]])*(表成绩单[化学]<9E+307)*(表成绩单[化学]>表成绩单[[#This Row],[化学]]))+1)} | U1533: {=IF(表成绩单[[#This Row],[政治]]="","",SUMPRODUCT((表成绩单[考试日期]=表成绩单[[#This Row],[考试日期]])*(表成绩单[政治]<9E+307)*(表成绩单[政治]>表成绩单[[#This Row],[政治]]))+1)} | V1533: {=IF(表成绩单[[#This Row],[历史]]="","",SUMPRODUCT((表成绩单[考试日期]=表成绩单[[#This Row],[考试日期]])*(表成绩单[历史]<9E+307)*(表成绩单[历史]>表成绩单[[#This Row],[历史]]))+1)} | W1533: {=IF(表成绩单[[#This Row],[总分]]="","",SUMPRODUCT((表成绩单[考试日期]=表成绩单[[#This Row],[考试日期]])*(表成绩单[总分]<9E+307)*(表成绩单[总分]>表成绩单[[#This Row],[总分]]))+1)}
D1534: 46003 | E1534: 19172638 | F1534: 九年级5班 | G1534: 刘宛臻 | P1534: {=IF(表成绩单[[#This Row],[语文]]="","",SUMPRODUCT((表成绩单[考试日期]=表成绩单[[#This Row],[考试日期]])*(表成绩单[语文]<9E+307)*(表成绩单[语文]>表成绩单[[#This Row],[语文]]))+1)} | Q1534: {=IF(表成绩单[[#This Row],[数学]]="","",SUMPRODUCT((表成绩单[考试日期]=表成绩单[[#This Row],[考试日期]])*(表成绩单[数学]<9E+307)*(表成绩单[数学]>表成绩单[[#This Row],[数学]]))+1)} | R1534: {=IF(表成绩单[[#This Row],[英语]]="","",SUMPRODUCT((表成绩单[考试日期]=表成绩单[[#This Row],[考试日期]])*(表成绩单[英语]<9E+307)*(表成绩单[英语]>表成绩单[[#This Row],[英语]]))+1)} | S1534: {=IF(表成绩单[[#This Row],[物理]]="","",SUMPRODUCT((表成绩单[考试日期]=表成绩单[[#This Row],[考试日期]])*(表成绩单[物理]<9E+307)*(表成绩单[物理]>表成绩单[[#This Row],[物理]]))+1)} | T1534: {=IF(表成绩单[[#This Row],[化学]]="","",SUMPRODUCT((表成绩单[考试日期]=表成绩单[[#This Row],[考试日期]])*(表成绩单[化学]<9E+307)*(表成绩单[化学]>表成绩单[[#This Row],[化学]]))+1)} | U1534: {=IF(表成绩单[[#This Row],[政治]]="","",SUMPRODUCT((表成绩单[考试日期]=表成绩单[[#This Row],[考试日期]])*(表成绩单[政治]<9E+307)*(表成绩单[政治]>表成绩单[[#This Row],[政治]]))+1)} | V1534: {=IF(表成绩单[[#This Row],[历史]]="","",SUMPRODUCT((表成绩单[考试日期]=表成绩单[[#This Row],[考试日期]])*(表成绩单[历史]<9E+307)*(表成绩单[历史]>表成绩单[[#This Row],[历史]]))+1)} | W1534: {=IF(表成绩单[[#This Row],[总分]]="","",SUMPRODUCT((表成绩单[考试日期]=表成绩单[[#This Row],[考试日期]])*(表成绩单[总分]<9E+307)*(表成绩单[总分]>表成绩单[[#This Row],[总分]]))+1)}
D1535: 46003 | E1535: 19172642 | F1535: 九年级5班 | G1535: 吕杰潼 | P1535: {=IF(表成绩单[[#This Row],[语文]]="","",SUMPRODUCT((表成绩单[考试日期]=表成绩单[[#This Row],[考试日期]])*(表成绩单[语文]<9E+307)*(表成绩单[语文]>表成绩单[[#This Row],[语文]]))+1)} | Q1535: {=IF(表成绩单[[#This Row],[数学]]="","",SUMPRODUCT((表成绩单[考试日期]=表成绩单[[#This Row],[考试日期]])*(表成绩单[数学]<9E+307)*(表成绩单[数学]>表成绩单[[#This Row],[数学]]))+1)} | R1535: {=IF(表成绩单[[#This Row],[英语]]="","",SUMPRODUCT((表成绩单[考试日期]=表成绩单[[#This Row],[考试日期]])*(表成绩单[英语]<9E+307)*(表成绩单[英语]>表成绩单[[#This Row],[英语]]))+1)} | S1535: {=IF(表成绩单[[#This Row],[物理]]="","",SUMPRODUCT((表成绩单[考试日期]=表成绩单[[#This Row],[考试日期]])*(表成绩单[物理]<9E+307)*(表成绩单[物理]>表成绩单[[#This Row],[物理]]))+1)} | T1535: {=IF(表成绩单[[#This Row],[化学]]="","",SUMPRODUCT((表成绩单[考试日期]=表成绩单[[#This Row],[考试日期]])*(表成绩单[化学]<9E+307)*(表成绩单[化学]>表成绩单[[#This Row],[化学]]))+1)} | U1535: {=IF(表成绩单[[#This Row],[政治]]="","",SUMPRODUCT((表成绩单[考试日期]=表成绩单[[#This Row],[考试日期]])*(表成绩单[政治]<9E+307)*(表成绩单[政治]>表成绩单[[#This Row],[政治]]))+1)} | V1535: {=IF(表成绩单[[#This Row],[历史]]="","",SUMPRODUCT((表成绩单[考试日期]=表成绩单[[#This Row],[考试日期]])*(表成绩单[历史]<9E+307)*(表成绩单[历史]>表成绩单[[#This Row],[历史]]))+1)} | W1535: {=IF(表成绩单[[#This Row],[总分]]="","",SUMPRODUCT((表成绩单[考试日期]=表成绩单[[#This Row],[考试日期]])*(表成绩单[总分]<9E+307)*(表成绩单[总分]>表成绩单[[#This Row],[总分]]))+1)}
D1536: 46003 | E1536: 19172655 | F1536: 九年级5班 | G1536: 许宇畅 | J1536: 35 | N1536: 70 | O1536: 105 | P1536: {=IF(表成绩单[[#This Row],[语文]]="","",SUMPRODUCT((表成绩单[考试日期]=表成绩单[[#This Row],[考试日期]])*(表成绩单[语文]<9E+307)*(表成绩单[语文]>表成绩单[[#This Row],[语文]]))+1)} | Q1536: {=IF(表成绩单[[#This Row],[数学]]="","",SUMPRODUCT((表成绩单[考试日期]=表成绩单[[#This Row],[考试日期]])*(表成绩单[数学]<9E+307)*(表成绩单[数学]>表成绩单[[#This Row],[数学]]))+1)} | R1536: {=IF(表成绩单[[#This Row],[英语]]="","",SUMPRODUCT((表成绩单[考试日期]=表成绩单[[#This Row],[考试日期]])*(表成绩单[英语]<9E+307)*(表成绩单[英语]>表成绩单[[#This Row],[英语]]))+1)} -> 672 | S1536: {=IF(表成绩单[[#This Row],[物理]]="","",SUMPRODUCT((表成绩单[考试日期]=表成绩单[[#This Row],[考试日期]])*(表成绩单[物理]<9E+307)*(表成绩单[物理]>表成绩单[[#This Row],[物理]]))+1)} | T1536: {=IF(表成绩单[[#This Row],[化学]]="","",SUMPRODUCT((表成绩单[考试日期]=表成绩单[[#This Row],[考试日期]])*(表成绩单[化学]<9E+307)*(表成绩单[化学]>表成绩单[[#This Row],[化学]]))+1)} | U1536: {=IF(表成绩单[[#This Row],[政治]]="","",SUMPRODUCT((表成绩单[考试日期]=表成绩单[[#This Row],[考试日期]])*(表成绩单[政治]<9E+307)*(表成绩单[政治]>表成绩单[[#This Row],[政治]]))+1)} | V1536: {=IF(表成绩单[[#This Row],[历史]]="","",SUMPRODUCT((表成绩单[考试日期]=表成绩单[[#This Row],[考试日期]])*(表成绩单[历史]<9E+307)*(表成绩单[历史]>表成绩单[[#This Row],[历史]]))+1)} -> 499 | W1536: {=IF(表成绩单[[#This Row],[总分]]="","",SUMPRODUCT((表成绩单[考试日期]=表成绩单[[#This Row],[考试日期]])*(表成绩单[总分]<9E+307)*(表成绩单[总分]>表成绩单[[#This Row],[总分]]))+1)} -> 738
D1537: 46003 | E1537: 19172656 | F1537: 九年级5班 | G1537: 许芷晴 | P1537: {=IF(表成绩单[[#This Row],[语文]]="","",SUMPRODUCT((表成绩单[考试日期]=表成绩单[[#This Row],[考试日期]])*(表成绩单[语文]<9E+307)*(表成绩单[语文]>表成绩单[[#This Row],[语文]]))+1)} | Q1537: {=IF(表成绩单[[#This Row],[数学]]="","",SUMPRODUCT((表成绩单[考试日期]=表成绩单[[#This Row],[考试日期]])*(表成绩单[数学]<9E+307)*(表成绩单[数学]>表成绩单[[#This Row],[数学]]))+1)} | R1537: {=IF(表成绩单[[#This Row],[英语]]="","",SUMPRODUCT((表成绩单[考试日期]=表成绩单[[#This Row],[考试日期]])*(表成绩单[英语]<9E+307)*(表成绩单[英语]>表成绩单[[#This Row],[英语]]))+1)} | S1537: {=IF(表成绩单[[#This Row],[物理]]="","",SUMPRODUCT((表成绩单[考试日期]=表成绩单[[#This Row],[考试日期]])*(表成绩单[物理]<9E+307)*(表成绩单[物理]>表成绩单[[#This Row],[物理]]))+1)} | T1537: {=IF(表成绩单[[#This Row],[化学]]="","",SUMPRODUCT((表成绩单[考试日期]=表成绩单[[#This Row],[考试日期]])*(表成绩单[化学]<9E+307)*(表成绩单[化学]>表成绩单[[#This Row],[化学]]))+1)} | U1537: {=IF(表成绩单[[#This Row],[政治]]="","",SUMPRODUCT((表成绩单[考试日期]=表成绩单[[#This Row],[考试日期]])*(表成绩单[政治]<9E+307)*(表成绩单[政治]>表成绩单[[#This Row],[政治]]))+1)} | V1537: {=IF(表成绩单[[#This Row],[历史]]="","",SUMPRODUCT((表成绩单[考试日期]=表成绩单[[#This Row],[考试日期]])*(表成绩单[历史]<9E+307)*(表成绩单[历史]>表成绩单[[#This Row],[历史]]))+1)} | W1537: {=IF(表成绩单[[#This Row],[总分]]="","",SUMPRODUCT((表成绩单[考试日期]=表成绩单[[#This Row],[考试日期]])*(表成绩单[总分]<9E+307)*(表成绩单[总分]>表成绩单[[#This Row],[总分]]))+1)}
D1538: 46003 | E1538: 19172658 | F1538: 九年级5班 | G1538: 杨梓沛 | P1538: {=IF(表成绩单[[#This Row],[语文]]="","",SUMPRODUCT((表成绩单[考试日期]=表成绩单[[#This Row],[考试日期]])*(表成绩单[语文]<9E+307)*(表成绩单[语文]>表成绩单[[#This Row],[语文]]))+1)} | Q1538: {=IF(表成绩单[[#This Row],[数学]]="","",SUMPRODUCT((表成绩单[考试日期]=表成绩单[[#This Row],[考试日期]])*(表成绩单[数学]<9E+307)*(表成绩单[数学]>表成绩单[[#This Row],[数学]]))+1)} | R1538: {=IF(表成绩单[[#This Row],[英语]]="","",SUMPRODUCT((表成绩单[考试日期]=表成绩单[[#This Row],[考试日期]])*(表成绩单[英语]<9E+307)*(表成绩单[英语]>表成绩单[[#This Row],[英语]]))+1)} | S1538: {=IF(表成绩单[[#This Row],[物理]]="","",SUMPRODUCT((表成绩单[考试日期]=表成绩单[[#This Row],[考试日期]])*(表成绩单[物理]<9E+307)*(表成绩单[物理]>表成绩单[[#This Row],[物理]]))+1)} | T1538: {=IF(表成绩单[[#This Row],[化学]]="","",SUMPRODUCT((表成绩单[考试日期]=表成绩单[[#This Row],[考试日期]])*(表成绩单[化学]<9E+307)*(表成绩单[化学]>表成绩单[[#This Row],[化学]]))+1)} | U1538: {=IF(表成绩单[[#This Row],[政治]]="","",SUMPRODUCT((表成绩单[考试日期]=表成绩单[[#This Row],[考试日期]])*(表成绩单[政治]<9E+307)*(表成绩单[政治]>表成绩单[[#This Row],[政治]]))+1)} | V1538: {=IF(表成绩单[[#This Row],[历史]]="","",SUMPRODUCT((表成绩单[考试日期]=表成绩单[[#This Row],[考试日期]])*(表成绩单[历史]<9E+307)*(表成绩单[历史]>表成绩单[[#This Row],[历史]]))+1)} | W1538: {=IF(表成绩单[[#This Row],[总分]]="","",SUMPRODUCT((表成绩单[考试日期]=表成绩单[[#This Row],[考试日期]])*(表成绩单[总分]<9E+307)*(表成绩单[总分]>表成绩单[[#This Row],[总分]]))+1)}
D1539: 46003 | E1539: 19172659 | F1539: 九年级5班 | G1539: 张初阳 | H1539: 81 | J1539: 21.5 | K1539: 40 | L1539: 50 | N1539: 68 | O1539: 260.5 | P1539: {=IF(表成绩单[[#This Row],[语文]]="","",SUMPRODUCT((表成绩单[考试日期]=表成绩单[[#This Row],[考试日期]])*(表成绩单[语文]<9E+307)*(表成绩单[语文]>表成绩单[[#This Row],[语文]]))+1)} -> 664 | Q1539: {=IF(表成绩单[[#This Row],[数学]]="","",SUMPRODUCT((表成绩单[考试日期]=表成绩单[[#This Row],[考试日期]])*(表成绩单[数学]<9E+307)*(表成绩单[数学]>表成绩单[[#This Row],[数学]]))+1)} | R1539: {=IF(表成绩单[[#This Row],[英语]]="","",SUMPRODUCT((表成绩单[考试日期]=表成绩单[[#This Row],[考试日期]])*(表成绩单[英语]<9E+307)*(表成绩单[英语]>表成绩单[[#This Row],[英语]]))+1)} -> 714 | S1539: {=IF(表成绩单[[#This Row],[物理]]="","",SUMPRODUCT((表成绩单[考试日期]=表成绩单[[#This Row],[考试日期]])*(表成绩单[物理]<9E+307)*(表成绩单[物理]>表成绩单[[#This Row],[物理]]))+1)} -> 677 | T1539: {=IF(表成绩单[[#This Row],[化学]]="","",SUMPRODUCT((表成绩单[考试日期]=表成绩单[[#This Row],[考试日期]])*(表成绩单[化学]<9E+307)*(表成绩单[化学]>表成绩单[[#This Row],[化学]]))+1)} -> 649 | U1539: {=IF(表成绩单[[#This Row],[政治]]="","",SUMPRODUCT((表成绩单[考试日期]=表成绩单[[#This Row],[考试日期]])*(表成绩单[政治]<9E+307)*(表成绩单[政治]>表成绩单[[#This Row],[政治]]))+1)} | V1539: {=IF(表成绩单[[#This Row],[历史]]="","",SUMPRODUCT((表成绩单[考试日期]=表成绩单[[#This Row],[考试日期]])*(表成绩单[历史]<9E+307)*(表成绩单[历史]>表成绩单[[#This Row],[历史]]))+1)} -> 536 | W1539: {=IF(表成绩单[[#This Row],[总分]]="","",SUMPRODUCT((表成绩单[考试日期]=表成绩单[[#This Row],[考试日期]])*(表成绩单[总分]<9E+307)*(表成绩单[总分]>表成绩单[[#This Row],[总分]]))+1)} -> 718
D1540: 46003 | E1540: 19172662 | F1540: 九年级5班 | G1540: 朱恒锋 | P1540: {=IF(表成绩单[[#This Row],[语文]]="","",SUMPRODUCT((表成绩单[考试日期]=表成绩单[[#This Row],[考试日期]])*(表成绩单[语文]<9E+307)*(表成绩单[语文]>表成绩单[[#This Row],[语文]]))+1)} | Q1540: {=IF(表成绩单[[#This Row],[数学]]="","",SUMPRODUCT((表成绩单[考试日期]=表成绩单[[#This Row],[考试日期]])*(表成绩单[数学]<9E+307)*(表成绩单[数学]>表成绩单[[#This Row],[数学]]))+1)} | R1540: {=IF(表成绩单[[#This Row],[英语]]="","",SUMPRODUCT((表成绩单[考试日期]=表成绩单[[#This Row],[考试日期]])*(表成绩单[英语]<9E+307)*(表成绩单[英语]>表成绩单[[#This Row],[英语]]))+1)} | S1540: {=IF(表成绩单[[#This Row],[物理]]="","",SUMPRODUCT((表成绩单[考试日期]=表成绩单[[#This Row],[考试日期]])*(表成绩单[物理]<9E+307)*(表成绩单[物理]>表成绩单[[#This Row],[物理]]))+1)} | T1540: {=IF(表成绩单[[#This Row],[化学]]="","",SUMPRODUCT((表成绩单[考试日期]=表成绩单[[#This Row],[考试日期]])*(表成绩单[化学]<9E+307)*(表成绩单[化学]>表成绩单[[#This Row],[化学]]))+1)} | U1540: {=IF(表成绩单[[#This Row],[政治]]="","",SUMPRODUCT((表成绩单[考试日期]=表成绩单[[#This Row],[考试日期]])*(表成绩单[政治]<9E+307)*(表成绩单[政治]>表成绩单[[#This Row],[政治]]))+1)} | V1540: {=IF(表成绩单[[#This Row],[历史]]="","",SUMPRODUCT((表成绩单[考试日期]=表成绩单[[#This Row],[考试日期]])*(表成绩单[历史]<9E+307)*(表成绩单[历史]>表成绩单[[#This Row],[历史]]))+1)} | W1540: {=IF(表成绩单[[#This Row],[总分]]="","",SUMPRODUCT((表成绩单[考试日期]=表成绩单[[#This Row],[考试日期]])*(表成绩单[总分]<9E+307)*(表成绩单[总分]>表成绩单[[#This Row],[总分]]))+1)}
D1541: 46003 | E1541: 19173249 | F1541: 九年级6班 | G1541: 何子骏 | P1541: {=IF(表成绩单[[#This Row],[语文]]="","",SUMPRODUCT((表成绩单[考试日期]=表成绩单[[#This Row],[考试日期]])*(表成绩单[语文]<9E+307)*(表成绩单[语文]>表成绩单[[#This Row],[语文]]))+1)} | Q1541: {=IF(表成绩单[[#This Row],[数学]]="","",SUMPRODUCT((表成绩单[考试日期]=表成绩单[[#This Row],[考试日期]])*(表成绩单[数学]<9E+307)*(表成绩单[数学]>表成绩单[[#This Row],[数学]]))+1)} | R1541: {=IF(表成绩单[[#This Row],[英语]]="","",SUMPRODUCT((表成绩单[考试日期]=表成绩单[[#This Row],[考试日期]])*(表成绩单[英语]<9E+307)*(表成绩单[英语]>表成绩单[[#This Row],[英语]]))+1)} | S1541: {=IF(表成绩单[[#This Row],[物理]]="","",SUMPRODUCT((表成绩单[考试日期]=表成绩单[[#This Row],[考试日期]])*(表成绩单[物理]<9E+307)*(表成绩单[物理]>表成绩单[[#This Row],[物理]]))+1)} | T1541: {=IF(表成绩单[[#This Row],[化学]]="","",SUMPRODUCT((表成绩单[考试日期]=表成绩单[[#This Row],[考试日期]])*(表成绩单[化学]<9E+307)*(表成绩单[化学]>表成绩单[[#This Row],[化学]]))+1)} | U1541: {=IF(表成绩单[[#This Row],[政治]]="","",SUMPRODUCT((表成绩单[考试日期]=表成绩单[[#This Row],[考试日期]])*(表成绩单[政治]<9E+307)*(表成绩单[政治]>表成绩单[[#This Row],[政治]]))+1)} | V1541: {=IF(表成绩单[[#This Row],[历史]]="","",SUMPRODUCT((表成绩单[考试日期]=表成绩单[[#This Row],[考试日期]])*(表成绩单[历史]<9E+307)*(表成绩单[历史]>表成绩单[[#This Row],[历史]]))+1)} | W1541: {=IF(表成绩单[[#This Row],[总分]]="","",SUMPRODUCT((表成绩单[考试日期]=表成绩单[[#This Row],[考试日期]])*(表成绩单[总分]<9E+307)*(表成绩单[总分]>表成绩单[[#This Row],[总分]]))+1)}
D1542: 46003 | E1542: 19173260 | F1542: 九年级6班 | G1542: 林丰恩 | H1542: 79 | J1542: 23 | K1542: 75 | L1542: 76 | N1542: 62 | O1542: 315 | P1542: {=IF(表成绩单[[#This Row],[语文]]="","",SUMPRODUCT((表成绩单[考试日期]=表成绩单[[#This Row],[考试日期]])*(表成绩单[语文]<9E+307)*(表成绩单[语文]>表成绩单[[#This Row],[语文]]))+1)} -> 675 | Q1542: {=IF(表成绩单[[#This Row],[数学]]="","",SUMPRODUCT((表成绩单[考试日期]=表成绩单[[#This Row],[考试日期]])*(表成绩单[数学]<9E+307)*(表成绩单[数学]>表成绩单[[#This Row],[数学]]))+1)} | R1542: {=IF(表成绩单[[#This Row],[英语]]="","",SUMPRODUCT((表成绩单[考试日期]=表成绩单[[#This Row],[考试日期]])*(表成绩单[英语]<9E+307)*(表成绩单[英语]>表成绩单[[#This Row],[英语]]))+1)} -> 710 | S1542: {=IF(表成绩单[[#This Row],[物理]]="","",SUMPRODUCT((表成绩单[考试日期]=表成绩单[[#This Row],[考试日期]])*(表成绩单[物理]<9E+307)*(表成绩单[物理]>表成绩单[[#This Row],[物理]]))+1)} -> 472 | T1542: {=IF(表成绩单[[#This Row],[化学]]="","",SUMPRODUCT((表成绩单[考试日期]=表成绩单[[#This Row],[考试日期]])*(表成绩单[化学]<9E+307)*(表成绩单[化学]>表成绩单[[#This Row],[化学]]))+1)} -> 402 | U1542: {=IF(表成绩单[[#This Row],[政治]]="","",SUMPRODUCT((表成绩单[考试日期]=表成绩单[[#This Row],[考试日期]])*(表成绩单[政治]<9E+307)*(表成绩单[政治]>表成绩单[[#This Row],[政治]]))+1)} | V1542: {=IF(表成绩单[[#This Row],[历史]]="","",SUMPRODUCT((表成绩单[考试日期]=表成绩单[[#This Row],[考试日期]])*(表成绩单[历史]<9E+307)*(表成绩单[历史]>表成绩单[[#This Row],[历史]]))+1)} -> 618 | W1542: {=IF(表成绩单[[#This Row],[总分]]="","",SUMPRODUCT((表成绩单[考试日期]=表成绩单[[#This Row],[考试日期]])*(表成绩单[总分]<9E+307)*(表成绩单[总分]>表成绩单[[#This Row],[总分]]))+1)} -> 689
D1543: 46003 | E1543: 19173263 | F1543: 九年级6班 | G1543: 莫书豪 | P1543: {=IF(表成绩单[[#This Row],[语文]]="","",SUMPRODUCT((表成绩单[考试日期]=表成绩单[[#This Row],[考试日期]])*(表成绩单[语文]<9E+307)*(表成绩单[语文]>表成绩单[[#This Row],[语文]]))+1)} | Q1543: {=IF(表成绩单[[#This Row],[数学]]="","",SUMPRODUCT((表成绩单[考试日期]=表成绩单[[#This Row],[考试日期]])*(表成绩单[数学]<9E+307)*(表成绩单[数学]>表成绩单[[#This Row],[数学]]))+1)} | R1543: {=IF(表成绩单[[#This Row],[英语]]="","",SUMPRODUCT((表成绩单[考试日期]=表成绩单[[#This Row],[考试日期]])*(表成绩单[英语]<9E+307)*(表成绩单[英语]>表成绩单[[#This Row],[英语]]))+1)} | S1543: {=IF(表成绩单[[#This Row],[物理]]="","",SUMPRODUCT((表成绩单[考试日期]=表成绩单[[#This Row],[考试日期]])*(表成绩单[物理]<9E+307)*(表成绩单[物理]>表成绩单[[#This Row],[物理]]))+1)} | T1543: {=IF(表成绩单[[#This Row],[化学]]="","",SUMPRODUCT((表成绩单[考试日期]=表成绩单[[#This Row],[考试日期]])*(表成绩单[化学]<9E+307)*(表成绩单[化学]>表成绩单[[#This Row],[化学]]))+1)} | U1543: {=IF(表成绩单[[#This Row],[政治]]="","",SUMPRODUCT((表成绩单[考试日期]=表成绩单[[#This Row],[考试日期]])*(表成绩单[政治]<9E+307)*(表成绩单[政治]>表成绩单[[#This Row],[政治]]))+1)} | V1543: {=IF(表成绩单[[#This Row],[历史]]="","",SUMPRODUCT((表成绩单[考试日期]=表成绩单[[#This Row],[考试日期]])*(表成绩单[历史]<9E+307)*(表成绩单[历史]>表成绩单[[#This Row],[历史]]))+1)} | W1543: {=IF(表成绩单[[#This Row],[总分]]="","",SUMPRODUCT((表成绩单[考试日期]=表成绩单[[#This Row],[考试日期]])*(表成绩单[总分]<9E+307)*(表成绩单[总分]>表成绩单[[#This Row],[总分]]))+1)}
D1544: 46003 | E1544: 19173270 | F1544: 九年级6班 | G1544: 肖煜恒 | P1544: {=IF(表成绩单[[#This Row],[语文]]="","",SUMPRODUCT((表成绩单[考试日期]=表成绩单[[#This Row],[考试日期]])*(表成绩单[语文]<9E+307)*(表成绩单[语文]>表成绩单[[#This Row],[语文]]))+1)} | Q1544: {=IF(表成绩单[[#This Row],[数学]]="","",SUMPRODUCT((表成绩单[考试日期]=表成绩单[[#This Row],[考试日期]])*(表成绩单[数学]<9E+307)*(表成绩单[数学]>表成绩单[[#This Row],[数学]]))+1)} | R1544: {=IF(表成绩单[[#This Row],[英语]]="","",SUMPRODUCT((表成绩单[考试日期]=表成绩单[[#This Row],[考试日期]])*(表成绩单[英语]<9E+307)*(表成绩单[英语]>表成绩单[[#This Row],[英语]]))+1)} | S1544: {=IF(表成绩单[[#This Row],[物理]]="","",SUMPRODUCT((表成绩单[考试日期]=表成绩单[[#This Row],[考试日期]])*(表成绩单[物理]<9E+307)*(表成绩单[物理]>表成绩单[[#This Row],[物理]]))+1)} | T1544: {=IF(表成绩单[[#This Row],[化学]]="","",SUMPRODUCT((表成绩单[考试日期]=表成绩单[[#This Row],[考试日期]])*(表成绩单[化学]<9E+307)*(表成绩单[化学]>表成绩单[[#This Row],[化学]]))+1)} | U1544: {=IF(表成绩单[[#This Row],[政治]]="","",SUMPRODUCT((表成绩单[考试日期]=表成绩单[[#This Row],[考试日期]])*(表成绩单[政治]<9E+307)*(表成绩单[政治]>表成绩单[[#This Row],[政治]]))+1)} | V1544: {=IF(表成绩单[[#This Row],[历史]]="","",SUMPRODUCT((表成绩单[考试日期]=表成绩单[[#This Row],[考试日期]])*(表成绩单[历史]<9E+307)*(表成绩单[历史]>表成绩单[[#This Row],[历史]]))+1)} | W1544: {=IF(表成绩单[[#This Row],[总分]]="","",SUMPRODUCT((表成绩单[考试日期]=表成绩单[[#This Row],[考试日期]])*(表成绩单[总分]<9E+307)*(表成绩单[总分]>表成绩单[[#This Row],[总分]]))+1)}
D1545: 46003 | E1545: 19173273 | F1545: 九年级6班 | G1545: 姚茗泽 | J1545: 42 | N1545: 64 | O1545: 106 | P1545: {=IF(表成绩单[[#This Row],[语文]]="","",SUMPRODUCT((表成绩单[考试日期]=表成绩单[[#This Row],[考试日期]])*(表成绩单[语文]<9E+307)*(表成绩单[语文]>表成绩单[[#This Row],[语文]]))+1)} | Q1545: {=IF(表成绩单[[#This Row],[数学]]="","",SUMPRODUCT((表成绩单[考试日期]=表成绩单[[#This Row],[考试日期]])*(表成绩单[数学]<9E+307)*(表成绩单[数学]>表成绩单[[#This Row],[数学]]))+1)} | R1545: {=IF(表成绩单[[#This Row],[英语]]="","",SUMPRODUCT((表成绩单[考试日期]=表成绩单[[#This Row],[考试日期]])*(表成绩单[英语]<9E+307)*(表成绩单[英语]>表成绩单[[#This Row],[英语]]))+1)} -> 641 | S1545: {=IF(表成绩单[[#This Row],[物理]]="","",SUMPRODUCT((表成绩单[考试日期]=表成绩单[[#This Row],[考试日期]])*(表成绩单[物理]<9E+307)*(表成绩单[物理]>表成绩单[[#This Row],[物理]]))+1)} | T1545: {=IF(表成绩单[[#This Row],[化学]]="","",SUMPRODUCT((表成绩单[考试日期]=表成绩单[[#This Row],[考试日期]])*(表成绩单[化学]<9E+307)*(表成绩单[化学]>表成绩单[[#This Row],[化学]]))+1)} | U1545: {=IF(表成绩单[[#This Row],[政治]]="","",SUMPRODUCT((表成绩单[考试日期]=表成绩单[[#This Row],[考试日期]])*(表成绩单[政治]<9E+307)*(表成绩单[政治]>表成绩单[[#This Row],[政治]]))+1)} | V1545: {=IF(表成绩单[[#This Row],[历史]]="","",SUMPRODUCT((表成绩单[考试日期]=表成绩单[[#This Row],[考试日期]])*(表成绩单[历史]<9E+307)*(表成绩单[历史]>表成绩单[[#This Row],[历史]]))+1)} -> 593 | W1545: {=IF(表成绩单[[#This Row],[总分]]="","",SUMPRODUCT((表成绩单[考试日期]=表成绩单[[#This Row],[考试日期]])*(表成绩单[总分]<9E+307)*(表成绩单[总分]>表成绩单[[#This Row],[总分]]))+1)} -> 737
D1546: 46003 | E1546: 19173279 | F1546: 九年级6班 | G1546: 张君度 | J1546: 43 | N1546: 56 | O1546: 99 | P1546: {=IF(表成绩单[[#This Row],[语文]]="","",SUMPRODUCT((表成绩单[考试日期]=表成绩单[[#This Row],[考试日期]])*(表成绩单[语文]<9E+307)*(表成绩单[语文]>表成绩单[[#This Row],[语文]]))+1)} | Q1546: {=IF(表成绩单[[#This Row],[数学]]="","",SUMPRODUCT((表成绩单[考试日期]=表成绩单[[#This Row],[考试日期]])*(表成绩单[数学]<9E+307)*(表成绩单[数学]>表成绩单[[#This Row],[数学]]))+1)} | R1546: {=IF(表成绩单[[#This Row],[英语]]="","",SUMPRODUCT((表成绩单[考试日期]=表成绩单[[#This Row],[考试日期]])*(表成绩单[英语]<9E+307)*(表成绩单[英语]>表成绩单[[#This Row],[英语]]))+1)} -> 636 | S1546: {=IF(表成绩单[[#This Row],[物理]]="","",SUMPRODUCT((表成绩单[考试日期]=表成绩单[[#This Row],[考试日期]])*(表成绩单[物理]<9E+307)*(表成绩单[物理]>表成绩单[[#This Row],[物理]]))+1)} | T1546: {=IF(表成绩单[[#This Row],[化学]]="","",SUMPRODUCT((表成绩单[考试日期]=表成绩单[[#This Row],[考试日期]])*(表成绩单[化学]<9E+307)*(表成绩单[化学]>表成绩单[[#This Row],[化学]]))+1)} | U1546: {=IF(表成绩单[[#This Row],[政治]]="","",SUMPRODUCT((表成绩单[考试日期]=表成绩单[[#This Row],[考试日期]])*(表成绩单[政治]<9E+307)*(表成绩单[政治]>表成绩单[[#This Row],[政治]]))+1)} | V1546: {=IF(表成绩单[[#This Row],[历史]]="","",SUMPRODUCT((表成绩单[考试日期]=表成绩单[[#This Row],[考试日期]])*(表成绩单[历史]<9E+307)*(表成绩单[历史]>表成绩单[[#This Row],[历史]]))+1)} -> 664 | W1546: {=IF(表成绩单[[#This Row],[总分]]="","",SUMPRODUCT((表成绩单[考试日期]=表成绩单[[#This Row],[考试日期]])*(表成绩单[总分]<9E+307)*(表成绩单[总分]>表成绩单[[#This Row],[总分]]))+1)} -> 740
D1547: 46003 | E1547: 19173762 | F1547: 九年级9班 | G1547: 揣皓麟 | P1547: {=IF(表成绩单[[#This Row],[语文]]="","",SUMPRODUCT((表成绩单[考试日期]=表成绩单[[#This Row],[考试日期]])*(表成绩单[语文]<9E+307)*(表成绩单[语文]>表成绩单[[#This Row],[语文]]))+1)} | Q1547: {=IF(表成绩单[[#This Row],[数学]]="","",SUMPRODUCT((表成绩单[考试日期]=表成绩单[[#This Row],[考试日期]])*(表成绩单[数学]<9E+307)*(表成绩单[数学]>表成绩单[[#This Row],[数学]]))+1)} | R1547: {=IF(表成绩单[[#This Row],[英语]]="","",SUMPRODUCT((表成绩单[考试日期]=表成绩单[[#This Row],[考试日期]])*(表成绩单[英语]<9E+307)*(表成绩单[英语]>表成绩单[[#This Row],[英语]]))+1)} | S1547: {=IF(表成绩单[[#This Row],[物理]]="","",SUMPRODUCT((表成绩单[考试日期]=表成绩单[[#This Row],[考试日期]])*(表成绩单[物理]<9E+307)*(表成绩单[物理]>表成绩单[[#This Row],[物理]]))+1)} | T1547: {=IF(表成绩单[[#This Row],[化学]]="","",SUMPRODUCT((表成绩单[考试日期]=表成绩单[[#This Row],[考试日期]])*(表成绩单[化学]<9E+307)*(表成绩单[化学]>表成绩单[[#This Row],[化学]]))+1)} | U1547: {=IF(表成绩单[[#This Row],[政治]]="","",SUMPRODUCT((表成绩单[考试日期]=表成绩单[[#This Row],[考试日期]])*(表成绩单[政治]<9E+307)*(表成绩单[政治]>表成绩单[[#This Row],[政治]]))+1)} | V1547: {=IF(表成绩单[[#This Row],[历史]]="","",SUMPRODUCT((表成绩单[考试日期]=表成绩单[[#This Row],[考试日期]])*(表成绩单[历史]<9E+307)*(表成绩单[历史]>表成绩单[[#This Row],[历史]]))+1)} | W1547: {=IF(表成绩单[[#This Row],[总分]]="","",SUMPRODUCT((表成绩单[考试日期]=表成绩单[[#This Row],[考试日期]])*(表成绩单[总分]<9E+307)*(表成绩单[总分]>表成绩单[[#This Row],[总分]]))+1)}
D1548: 46003 | E1548: 19173767 | F1548: 九年级9班 | G1548: 顾珂瑀 | P1548: {=IF(表成绩单[[#This Row],[语文]]="","",SUMPRODUCT((表成绩单[考试日期]=表成绩单[[#This Row],[考试日期]])*(表成绩单[语文]<9E+307)*(表成绩单[语文]>表成绩单[[#This Row],[语文]]))+1)} | Q1548: {=IF(表成绩单[[#This Row],[数学]]="","",SUMPRODUCT((表成绩单[考试日期]=表成绩单[[#This Row],[考试日期]])*(表成绩单[数学]<9E+307)*(表成绩单[数学]>表成绩单[[#This Row],[数学]]))+1)} | R1548: {=IF(表成绩单[[#This Row],[英语]]="","",SUMPRODUCT((表成绩单[考试日期]=表成绩单[[#This Row],[考试日期]])*(表成绩单[英语]<9E+307)*(表成绩单[英语]>表成绩单[[#This Row],[英语]]))+1)} | S1548: {=IF(表成绩单[[#This Row],[物理]]="","",SUMPRODUCT((表成绩单[考试日期]=表成绩单[[#This Row],[考试日期]])*(表成绩单[物理]<9E+307)*(表成绩单[物理]>表成绩单[[#This Row],[物理]]))+1)} | T1548: {=IF(表成绩单[[#This Row],[化学]]="","",SUMPRODUCT((表成绩单[考试日期]=表成绩单[[#This Row],[考试日期]])*(表成绩单[化学]<9E+307)*(表成绩单[化学]>表成绩单[[#This Row],[化学]]))+1)} | U1548: {=IF(表成绩单[[#This Row],[政治]]="","",SUMPRODUCT((表成绩单[考试日期]=表成绩单[[#This Row],[考试日期]])*(表成绩单[政治]<9E+307)*(表成绩单[政治]>表成绩单[[#This Row],[政治]]))+1)} | V1548: {=IF(表成绩单[[#This Row],[历史]]="","",SUMPRODUCT((表成绩单[考试日期]=表成绩单[[#This Row],[考试日期]])*(表成绩单[历史]<9E+307)*(表成绩单[历史]>表成绩单[[#This Row],[历史]]))+1)} | W1548: {=IF(表成绩单[[#This Row],[总分]]="","",SUMPRODUCT((表成绩单[考试日期]=表成绩单[[#This Row],[考试日期]])*(表成绩单[总分]<9E+307)*(表成绩单[总分]>表成绩单[[#This Row],[总分]]))+1)}
D1549: 46003 | E1549: 19173770 | F1549: 九年级9班 | G1549: 黄子轩 | I1549: 13 | J1549: 49.5 | K1549: 23 | L1549: 45 | M1549: 39 | N1549: 47 | O1549: 216.5 | P1549: {=IF(表成绩单[[#This Row],[语文]]="","",SUMPRODUCT((表成绩单[考试日期]=表成绩单[[#This Row],[考试日期]])*(表成绩单[语文]<9E+307)*(表成绩单[语文]>表成绩单[[#This Row],[语文]]))+1)} | Q1549: {=IF(表成绩单[[#This Row],[数学]]="","",SUMPRODUCT((表成绩单[考试日期]=表成绩单[[#This Row],[考试日期]])*(表成绩单[数学]<9E+307)*(表成绩单[数学]>表成绩单[[#This Row],[数学]]))+1)} -> 723 | R1549: {=IF(表成绩单[[#This Row],[英语]]="","",SUMPRODUCT((表成绩单[考试日期]=表成绩单[[#This Row],[考试日期]])*(表成绩单[英语]<9E+307)*(表成绩单[英语]>表成绩单[[#This Row],[英语]]))+1)} -> 608 | S1549: {=IF(表成绩单[[#This Row],[物理]]="","",SUMPRODUCT((表成绩单[考试日期]=表成绩单[[#This Row],[考试日期]])*(表成绩单[物理]<9E+307)*(表成绩单[物理]>表成绩单[[#This Row],[物理]]))+1)} -> 713 | T1549: {=IF(表成绩单[[#This Row],[化学]]="","",SUMPRODUCT((表成绩单[考试日期]=表成绩单[[#This Row],[考试日期]])*(表成绩单[化学]<9E+307)*(表成绩单[化学]>表成绩单[[#This Row],[化学]]))+1)} -> 681 | U1549: {=IF(表成绩单[[#This Row],[政治]]="","",SUMPRODUCT((表成绩单[考试日期]=表成绩单[[#This Row],[考试日期]])*(表成绩单[政治]<9E+307)*(表成绩单[政治]>表成绩单[[#This Row],[政治]]))+1)} -> 680 | V1549: {=IF(表成绩单[[#This Row],[历史]]="","",SUMPRODUCT((表成绩单[考试日期]=表成绩单[[#This Row],[考试日期]])*(表成绩单[历史]<9E+307)*(表成绩单[历史]>表成绩单[[#This Row],[历史]]))+1)} -> 710 | W1549: {=IF(表成绩单[[#This Row],[总分]]="","",SUMPRODUCT((表成绩单[考试日期]=表成绩单[[#This Row],[考试日期]])*(表成绩单[总分]<9E+307)*(表成绩单[总分]>表成绩单[[#This Row],[总分]]))+1)} -> 728
D1550: 46003 | E1550: 19173778 | F1550: 九年级9班 | G1550: 刘嘉毅 | P1550: {=IF(表成绩单[[#This Row],[语文]]="","",SUMPRODUCT((表成绩单[考试日期]=表成绩单[[#This Row],[考试日期]])*(表成绩单[语文]<9E+307)*(表成绩单[语文]>表成绩单[[#This Row],[语文]]))+1)} | Q1550: {=IF(表成绩单[[#This Row],[数学]]="","",SUMPRODUCT((表成绩单[考试日期]=表成绩单[[#This Row],[考试日期]])*(表成绩单[数学]<9E+307)*(表成绩单[数学]>表成绩单[[#This Row],[数学]]))+1)} | R1550: {=IF(表成绩单[[#This Row],[英语]]="","",SUMPRODUCT((表成绩单[考试日期]=表成绩单[[#This Row],[考试日期]])*(表成绩单[英语]<9E+307)*(表成绩单[英语]>表成绩单[[#This Row],[英语]]))+1)} | S1550: {=IF(表成绩单[[#This Row],[物理]]="","",SUMPRODUCT((表成绩单[考试日期]=表成绩单[[#This Row],[考试日期]])*(表成绩单[物理]<9E+307)*(表成绩单[物理]>表成绩单[[#This Row],[物理]]))+1)} | T1550: {=IF(表成绩单[[#This Row],[化学]]="","",SUMPRODUCT((表成绩单[考试日期]=表成绩单[[#This Row],[考试日期]])*(表成绩单[化学]<9E+307)*(表成绩单[化学]>表成绩单[[#This Row],[化学]]))+1)} | U1550: {=IF(表成绩单[[#This Row],[政治]]="","",SUMPRODUCT((表成绩单[考试日期]=表成绩单[[#This Row],[考试日期]])*(表成绩单[政治]<9E+307)*(表成绩单[政治]>表成绩单[[#This Row],[政治]]))+1)} | V1550: {=IF(表成绩单[[#This Row],[历史]]="","",SUMPRODUCT((表成绩单[考试日期]=表成绩单[[#This Row],[考试日期]])*(表成绩单[历史]<9E+307)*(表成绩单[历史]>表成绩单[[#This Row],[历史]]))+1)} | W1550: {=IF(表成绩单[[#This Row],[总分]]="","",SUMPRODUCT((表成绩单[考试日期]=表成绩单[[#This Row],[考试日期]])*(表成绩单[总分]<9E+307)*(表成绩单[总分]>表成绩单[[#This Row],[总分]]))+1)}
D1551: 46003 | E1551: 19173803 | F1551: 九年级9班 | G1551: 郑博涵 | I1551: 18 | M1551: 47 | O1551: 65 | P1551: {=IF(表成绩单[[#This Row],[语文]]="","",SUMPRODUCT((表成绩单[考试日期]=表成绩单[[#This Row],[考试日期]])*(表成绩单[语文]<9E+307)*(表成绩单[语文]>表成绩单[[#This Row],[语文]]))+1)} | Q1551: {=IF(表成绩单[[#This Row],[数学]]="","",SUMPRODUCT((表成绩单[考试日期]=表成绩单[[#This Row],[考试日期]])*(表成绩单[数学]<9E+307)*(表成绩单[数学]>表成绩单[[#This Row],[数学]]))+1)} -> 711 | R1551: {=IF(表成绩单[[#This Row],[英语]]="","",SUMPRODUCT((表成绩单[考试日期]=表成绩单[[#This Row],[考试日期]])*(表成绩单[英语]<9E+307)*(表成绩单[英语]>表成绩单[[#This Row],[英语]]))+1)} | S1551: {=IF(表成绩单[[#This Row],[物理]]="","",SUMPRODUCT((表成绩单[考试日期]=表成绩单[[#This Row],[考试日期]])*(表成绩单[物理]<9E+307)*(表成绩单[物理]>表成绩单[[#This Row],[物理]]))+1)} | T1551: {=IF(表成绩单[[#This Row],[化学]]="","",SUMPRODUCT((表成绩单[考试日期]=表成绩单[[#This Row],[考试日期]])*(表成绩单[化学]<9E+307)*(表成绩单[化学]>表成绩单[[#This Row],[化学]]))+1)} | U1551: {=IF(表成绩单[[#This Row],[政治]]="","",SUMPRODUCT((表成绩单[考试日期]=表成绩单[[#This Row],[考试日期]])*(表成绩单[政治]<9E+307)*(表成绩单[政治]>表成绩单[[#This Row],[政治]]))+1)} -> 619 | V1551: {=IF(表成绩单[[#This Row],[历史]]="","",SUMPRODUCT((表成绩单[考试日期]=表成绩单[[#This Row],[考试日期]])*(表成绩单[历史]<9E+307)*(表成绩单[历史]>表成绩单[[#This Row],[历史]]))+1)} | W1551: {=IF(表成绩单[[#This Row],[总分]]="","",SUMPRODUCT((表成绩单[考试日期]=表成绩单[[#This Row],[考试日期]])*(表成绩单[总分]<9E+307)*(表成绩单[总分]>表成绩单[[#This Row],[总分]]))+1)} -> 741
D1552: 46003 | E1552: 19174809 | F1552: 九年级13班 | G1552: 周子为 | P1552: {=IF(表成绩单[[#This Row],[语文]]="","",SUMPRODUCT((表成绩单[考试日期]=表成绩单[[#This Row],[考试日期]])*(表成绩单[语文]<9E+307)*(表成绩单[语文]>表成绩单[[#This Row],[语文]]))+1)} | Q1552: {=IF(表成绩单[[#This Row],[数学]]="","",SUMPRODUCT((表成绩单[考试日期]=表成绩单[[#This Row],[考试日期]])*(表成绩单[数学]<9E+307)*(表成绩单[数学]>表成绩单[[#This Row],[数学]]))+1)} | R1552: {=IF(表成绩单[[#This Row],[英语]]="","",SUMPRODUCT((表成绩单[考试日期]=表成绩单[[#This Row],[考试日期]])*(表成绩单[英语]<9E+307)*(表成绩单[英语]>表成绩单[[#This Row],[英语]]))+1)} | S1552: {=IF(表成绩单[[#This Row],[物理]]="","",SUMPRODUCT((表成绩单[考试日期]=表成绩单[[#This Row],[考试日期]])*(表成绩单[物理]<9E+307)*(表成绩单[物理]>表成绩单[[#This Row],[物理]]))+1)} | T1552: {=IF(表成绩单[[#This Row],[化学]]="","",SUMPRODUCT((表成绩单[考试日期]=表成绩单[[#This Row],[考试日期]])*(表成绩单[化学]<9E+307)*(表成绩单[化学]>表成绩单[[#This Row],[化学]]))+1)} | U1552: {=IF(表成绩单[[#This Row],[政治]]="","",SUMPRODUCT((表成绩单[考试日期]=表成绩单[[#This Row],[考试日期]])*(表成绩单[政治]<9E+307)*(表成绩单[政治]>表成绩单[[#This Row],[政治]]))+1)} | V1552: {=IF(表成绩单[[#This Row],[历史]]="","",SUMPRODUCT((表成绩单[考试日期]=表成绩单[[#This Row],[考试日期]])*(表成绩单[历史]<9E+307)*(表成绩单[历史]>表成绩单[[#This Row],[历史]]))+1)} | W1552: {=IF(表成绩单[[#This Row],[总分]]="","",SUMPRODUCT((表成绩单[考试日期]=表成绩单[[#This Row],[考试日期]])*(表成绩单[总分]<9E+307)*(表成绩单[总分]>表成绩单[[#This Row],[总分]]))+1)}
D1553: 46003 | E1553: 19175319 | F1553: 九年级1班 | G1553: 许耀丹 | P1553: {=IF(表成绩单[[#This Row],[语文]]="","",SUMPRODUCT((表成绩单[考试日期]=表成绩单[[#This Row],[考试日期]])*(表成绩单[语文]<9E+307)*(表成绩单[语文]>表成绩单[[#This Row],[语文]]))+1)} | Q1553: {=IF(表成绩单[[#This Row],[数学]]="","",SUMPRODUCT((表成绩单[考试日期]=表成绩单[[#This Row],[考试日期]])*(表成绩单[数学]<9E+307)*(表成绩单[数学]>表成绩单[[#This Row],[数学]]))+1)} | R1553: {=IF(表成绩单[[#This Row],[英语]]="","",SUMPRODUCT((表成绩单[考试日期]=表成绩单[[#This Row],[考试日期]])*(表成绩单[英语]<9E+307)*(表成绩单[英语]>表成绩单[[#This Row],[英语]]))+1)} | S1553: {=IF(表成绩单[[#This Row],[物理]]="","",SUMPRODUCT((表成绩单[考试日期]=表成绩单[[#This Row],[考试日期]])*(表成绩单[物理]<9E+307)*(表成绩单[物理]>表成绩单[[#This Row],[物理]]))+1)} | T1553: {=IF(表成绩单[[#This Row],[化学]]="","",SUMPRODUCT((表成绩单[考试日期]=表成绩单[[#This Row],[考试日期]])*(表成绩单[化学]<9E+307)*(表成绩单[化学]>表成绩单[[#This Row],[化学]]))+1)} | U1553: {=IF(表成绩单[[#This Row],[政治]]="","",SUMPRODUCT((表成绩单[考试日期]=表成绩单[[#This Row],[考试日期]])*(表成绩单[政治]<9E+307)*(表成绩单[政治]>表成绩单[[#This Row],[政治]]))+1)} | V1553: {=IF(表成绩单[[#This Row],[历史]]="","",SUMPRODUCT((表成绩单[考试日期]=表成绩单[[#This Row],[考试日期]])*(表成绩单[历史]<9E+307)*(表成绩单[历史]>表成绩单[[#This Row],[历史]]))+1)} | W1553: {=IF(表成绩单[[#This Row],[总分]]="","",SUMPRODUCT((表成绩单[考试日期]=表成绩单[[#This Row],[考试日期]])*(表成绩单[总分]<9E+307)*(表成绩单[总分]>表成绩单[[#This Row],[总分]]))+1)}
D1554: 46003 | E1554: 19175325 | F1554: 九年级1班 | G1554: 钟恩琳 | P1554: {=IF(表成绩单[[#This Row],[语文]]="","",SUMPRODUCT((表成绩单[考试日期]=表成绩单[[#This Row],[考试日期]])*(表成绩单[语文]<9E+307)*(表成绩单[语文]>表成绩单[[#This Row],[语文]]))+1)} | Q1554: {=IF(表成绩单[[#This Row],[数学]]="","",SUMPRODUCT((表成绩单[考试日期]=表成绩单[[#This Row],[考试日期]])*(表成绩单[数学]<9E+307)*(表成绩单[数学]>表成绩单[[#This Row],[数学]]))+1)} | R1554: {=IF(表成绩单[[#This Row],[英语]]="","",SUMPRODUCT((表成绩单[考试日期]=表成绩单[[#This Row],[考试日期]])*(表成绩单[英语]<9E+307)*(表成绩单[英语]>表成绩单[[#This Row],[英语]]))+1)} | S1554: {=IF(表成绩单[[#This Row],[物理]]="","",SUMPRODUCT((表成绩单[考试日期]=表成绩单[[#This Row],[考试日期]])*(表成绩单[物理]<9E+307)*(表成绩单[物理]>表成绩单[[#This Row],[物理]]))+1)} | T1554: {=IF(表成绩单[[#This Row],[化学]]="","",SUMPRODUCT((表成绩单[考试日期]=表成绩单[[#This Row],[考试日期]])*(表成绩单[化学]<9E+307)*(表成绩单[化学]>表成绩单[[#This Row],[化学]]))+1)} | U1554: {=IF(表成绩单[[#This Row],[政治]]="","",SUMPRODUCT((表成绩单[考试日期]=表成绩单[[#This Row],[考试日期]])*(表成绩单[政治]<9E+307)*(表成绩单[政治]>表成绩单[[#This Row],[政治]]))+1)} | V1554: {=IF(表成绩单[[#This Row],[历史]]="","",SUMPRODUCT((表成绩单[考试日期]=表成绩单[[#This Row],[考试日期]])*(表成绩单[历史]<9E+307)*(表成绩单[历史]>表成绩单[[#This Row],[历史]]))+1)} | W1554: {=IF(表成绩单[[#This Row],[总分]]="","",SUMPRODUCT((表成绩单[考试日期]=表成绩单[[#This Row],[考试日期]])*(表成绩单[总分]<9E+307)*(表成绩单[总分]>表成绩单[[#This Row],[总分]]))+1)}
D1555: 46003 | E1555: 19175593 | F1555: 九年级2班 | G1555: 范洛铨 | P1555: {=IF(表成绩单[[#This Row],[语文]]="","",SUMPRODUCT((表成绩单[考试日期]=表成绩单[[#This Row],[考试日期]])*(表成绩单[语文]<9E+307)*(表成绩单[语文]>表成绩单[[#This Row],[语文]]))+1)} | Q1555: {=IF(表成绩单[[#This Row],[数学]]="","",SUMPRODUCT((表成绩单[考试日期]=表成绩单[[#This Row],[考试日期]])*(表成绩单[数学]<9E+307)*(表成绩单[数学]>表成绩单[[#This Row],[数学]]))+1)} | R1555: {=IF(表成绩单[[#This Row],[英语]]="","",SUMPRODUCT((表成绩单[考试日期]=表成绩单[[#This Row],[考试日期]])*(表成绩单[英语]<9E+307)*(表成绩单[英语]>表成绩单[[#This Row],[英语]]))+1)} | S1555: {=IF(表成绩单[[#This Row],[物理]]="","",SUMPRODUCT((表成绩单[考试日期]=表成绩单[[#This Row],[考试日期]])*(表成绩单[物理]<9E+307)*(表成绩单[物理]>表成绩单[[#This Row],[物理]]))+1)} | T1555: {=IF(表成绩单[[#This Row],[化学]]="","",SUMPRODUCT((表成绩单[考试日期]=表成绩单[[#This Row],[考试日期]])*(表成绩单[化学]<9E+307)*(表成绩单[化学]>表成绩单[[#This Row],[化学]]))+1)} | U1555: {=IF(表成绩单[[#This Row],[政治]]="","",SUMPRODUCT((表成绩单[考试日期]=表成绩单[[#This Row],[考试日期]])*(表成绩单[政治]<9E+307)*(表成绩单[政治]>表成绩单[[#This Row],[政治]]))+1)} | V1555: {=IF(表成绩单[[#This Row],[历史]]="","",SUMPRODUCT((表成绩单[考试日期]=表成绩单[[#This Row],[考试日期]])*(表成绩单[历史]<9E+307)*(表成绩单[历史]>表成绩单[[#This Row],[历史]]))+1)} | W1555: {=IF(表成绩单[[#This Row],[总分]]="","",SUMPRODUCT((表成绩单[考试日期]=表成绩单[[#This Row],[考试日期]])*(表成绩单[总分]<9E+307)*(表成绩单[总分]>表成绩单[[#This Row],[总分]]))+1)}
D1556: 46003 | E1556: 19175600 | F1556: 九年级2班 | G1556: 嵇祤宸 | P1556: {=IF(表成绩单[[#This Row],[语文]]="","",SUMPRODUCT((表成绩单[考试日期]=表成绩单[[#This Row],[考试日期]])*(表成绩单[语文]<9E+307)*(表成绩单[语文]>表成绩单[[#This Row],[语文]]))+1)} | Q1556: {=IF(表成绩单[[#This Row],[数学]]="","",SUMPRODUCT((表成绩单[考试日期]=表成绩单[[#This Row],[考试日期]])*(表成绩单[数学]<9E+307)*(表成绩单[数学]>表成绩单[[#This Row],[数学]]))+1)} | R1556: {=IF(表成绩单[[#This Row],[英语]]="","",SUMPRODUCT((表成绩单[考试日期]=表成绩单[[#This Row],[考试日期]])*(表成绩单[英语]<9E+307)*(表成绩单[英语]>表成绩单[[#This Row],[英语]]))+1)} | S1556: {=IF(表成绩单[[#This Row],[物理]]="","",SUMPRODUCT((表成绩单[考试日期]=表成绩单[[#This Row],[考试日期]])*(表成绩单[物理]<9E+307)*(表成绩单[物理]>表成绩单[[#This Row],[物理]]))+1)} | T1556: {=IF(表成绩单[[#This Row],[化学]]="","",SUMPRODUCT((表成绩单[考试日期]=表成绩单[[#This Row],[考试日期]])*(表成绩单[化学]<9E+307)*(表成绩单[化学]>表成绩单[[#This Row],[化学]]))+1)} | U1556: {=IF(表成绩单[[#This Row],[政治]]="","",SUMPRODUCT((表成绩单[考试日期]=表成绩单[[#This Row],[考试日期]])*(表成绩单[政治]<9E+307)*(表成绩单[政治]>表成绩单[[#This Row],[政治]]))+1)} | V1556: {=IF(表成绩单[[#This Row],[历史]]="","",SUMPRODUCT((表成绩单[考试日期]=表成绩单[[#This Row],[考试日期]])*(表成绩单[历史]<9E+307)*(表成绩单[历史]>表成绩单[[#This Row],[历史]]))+1)} | W1556: {=IF(表成绩单[[#This Row],[总分]]="","",SUMPRODUCT((表成绩单[考试日期]=表成绩单[[#This Row],[考试日期]])*(表成绩单[总分]<9E+307)*(表成绩单[总分]>表成绩单[[#This Row],[总分]]))+1)}
D1557: 46003 | E1557: 19175605 | F1557: 九年级2班 | G1557: 李展宇 | P1557: {=IF(表成绩单[[#This Row],[语文]]="","",SUMPRODUCT((表成绩单[考试日期]=表成绩单[[#This Row],[考试日期]])*(表成绩单[语文]<9E+307)*(表成绩单[语文]>表成绩单[[#This Row],[语文]]))+1)} | Q1557: {=IF(表成绩单[[#This Row],[数学]]="","",SUMPRODUCT((表成绩单[考试日期]=表成绩单[[#This Row],[考试日期]])*(表成绩单[数学]<9E+307)*(表成绩单[数学]>表成绩单[[#This Row],[数学]]))+1)} | R1557: {=IF(表成绩单[[#This Row],[英语]]="","",SUMPRODUCT((表成绩单[考试日期]=表成绩单[[#This Row],[考试日期]])*(表成绩单[英语]<9E+307)*(表成绩单[英语]>表成绩单[[#This Row],[英语]]))+1)} | S1557: {=IF(表成绩单[[#This Row],[物理]]="","",SUMPRODUCT((表成绩单[考试日期]=表成绩单[[#This Row],[考试日期]])*(表成绩单[物理]<9E+307)*(表成绩单[物理]>表成绩单[[#This Row],[物理]]))+1)} | T1557: {=IF(表成绩单[[#This Row],[化学]]="","",SUMPRODUCT((表成绩单[考试日期]=表成绩单[[#This Row],[考试日期]])*(表成绩单[化学]<9E+307)*(表成绩单[化学]>表成绩单[[#This Row],[化学]]))+1)} | U1557: {=IF(表成绩单[[#This Row],[政治]]="","",SUMPRODUCT((表成绩单[考试日期]=表成绩单[[#This Row],[考试日期]])*(表成绩单[政治]<9E+307)*(表成绩单[政治]>表成绩单[[#This Row],[政治]]))+1)} | V1557: {=IF(表成绩单[[#This Row],[历史]]="","",SUMPRODUCT((表成绩单[考试日期]=表成绩单[[#This Row],[考试日期]])*(表成绩单[历史]<9E+307)*(表成绩单[历史]>表成绩单[[#This Row],[历史]]))+1)} | W1557: {=IF(表成绩单[[#This Row],[总分]]="","",SUMPRODUCT((表成绩单[考试日期]=表成绩单[[#This Row],[考试日期]])*(表成绩单[总分]<9E+307)*(表成绩单[总分]>表成绩单[[#This Row],[总分]]))+1)}
D1558: 46003 | E1558: 19175606 | F1558: 九年级2班 | G1558: 林宗泽 | P1558: {=IF(表成绩单[[#This Row],[语文]]="","",SUMPRODUCT((表成绩单[考试日期]=表成绩单[[#This Row],[考试日期]])*(表成绩单[语文]<9E+307)*(表成绩单[语文]>表成绩单[[#This Row],[语文]]))+1)} | Q1558: {=IF(表成绩单[[#This Row],[数学]]="","",SUMPRODUCT((表成绩单[考试日期]=表成绩单[[#This Row],[考试日期]])*(表成绩单[数学]<9E+307)*(表成绩单[数学]>表成绩单[[#This Row],[数学]]))+1)} | R1558: {=IF(表成绩单[[#This Row],[英语]]="","",SUMPRODUCT((表成绩单[考试日期]=表成绩单[[#This Row],[考试日期]])*(表成绩单[英语]<9E+307)*(表成绩单[英语]>表成绩单[[#This Row],[英语]]))+1)} | S1558: {=IF(表成绩单[[#This Row],[物理]]="","",SUMPRODUCT((表成绩单[考试日期]=表成绩单[[#This Row],[考试日期]])*(表成绩单[物理]<9E+307)*(表成绩单[物理]>表成绩单[[#This Row],[物理]]))+1)} | T1558: {=IF(表成绩单[[#This Row],[化学]]="","",SUMPRODUCT((表成绩单[考试日期]=表成绩单[[#This Row],[考试日期]])*(表成绩单[化学]<9E+307)*(表成绩单[化学]>表成绩单[[#This Row],[化学]]))+1)} | U1558: {=IF(表成绩单[[#This Row],[政治]]="","",SUMPRODUCT((表成绩单[考试日期]=表成绩单[[#This Row],[考试日期]])*(表成绩单[政治]<9E+307)*(表成绩单[政治]>表成绩单[[#This Row],[政治]]))+1)} | V1558: {=IF(表成绩单[[#This Row],[历史]]="","",SUMPRODUCT((表成绩单[考试日期]=表成绩单[[#This Row],[考试日期]])*(表成绩单[历史]<9E+307)*(表成绩单[历史]>表成绩单[[#This Row],[历史]]))+1)} | W1558: {=IF(表成绩单[[#This Row],[总分]]="","",SUMPRODUCT((表成绩单[考试日期]=表成绩单[[#This Row],[考试日期]])*(表成绩单[总分]<9E+307)*(表成绩单[总分]>表成绩单[[#This Row],[总分]]))+1)}
D1559: 46003 | E1559: 19175607 | F1559: 九年级2班 | G1559: 刘焕堃 | P1559: {=IF(表成绩单[[#This Row],[语文]]="","",SUMPRODUCT((表成绩单[考试日期]=表成绩单[[#This Row],[考试日期]])*(表成绩单[语文]<9E+307)*(表成绩单[语文]>表成绩单[[#This Row],[语文]]))+1)} | Q1559: {=IF(表成绩单[[#This Row],[数学]]="","",SUMPRODUCT((表成绩单[考试日期]=表成绩单[[#This Row],[考试日期]])*(表成绩单[数学]<9E+307)*(表成绩单[数学]>表成绩单[[#This Row],[数学]]))+1)} | R1559: {=IF(表成绩单[[#This Row],[英语]]="","",SUMPRODUCT((表成绩单[考试日期]=表成绩单[[#This Row],[考试日期]])*(表成绩单[英语]<9E+307)*(表成绩单[英语]>表成绩单[[#This Row],[英语]]))+1)} | S1559: {=IF(表成绩单[[#This Row],[物理]]="","",SUMPRODUCT((表成绩单[考试日期]=表成绩单[[#This Row],[考试日期]])*(表成绩单[物理]<9E+307)*(表成绩单[物理]>表成绩单[[#This Row],[物理]]))+1)} | T1559: {=IF(表成绩单[[#This Row],[化学]]="","",SUMPRODUCT((表成绩单[考试日期]=表成绩单[[#This Row],[考试日期]])*(表成绩单[化学]<9E+307)*(表成绩单[化学]>表成绩单[[#This Row],[化学]]))+1)} | U1559: {=IF(表成绩单[[#This Row],[政治]]="","",SUMPRODUCT((表成绩单[考试日期]=表成绩单[[#This Row],[考试日期]])*(表成绩单[政治]<9E+307)*(表成绩单[政治]>表成绩单[[#This Row],[政治]]))+1)} | V1559: {=IF(表成绩单[[#This Row],[历史]]="","",SUMPRODUCT((表成绩单[考试日期]=表成绩单[[#This Row],[考试日期]])*(表成绩单[历史]<9E+307)*(表成绩单[历史]>表成绩单[[#This Row],[历史]]))+1)} | W1559: {=IF(表成绩单[[#This Row],[总分]]="","",SUMPRODUCT((表成绩单[考试日期]=表成绩单[[#This Row],[考试日期]])*(表成绩单[总分]<9E+307)*(表成绩单[总分]>表成绩单[[#This Row],[总分]]))+1)}
D1560: 46003 | E1560: 19175613 | F1560: 九年级2班 | G1560: 王天昊 | H1560: 56 | I1560: 26 | K1560: 21 | L1560: 61 | M1560: 41 | O1560: 205 | P1560: {=IF(表成绩单[[#This Row],[语文]]="","",SUMPRODUCT((表成绩单[考试日期]=表成绩单[[#This Row],[考试日期]])*(表成绩单[语文]<9E+307)*(表成绩单[语文]>表成绩单[[#This Row],[语文]]))+1)} -> 724 | Q1560: {=IF(表成绩单[[#This Row],[数学]]="","",SUMPRODUCT((表成绩单[考试日期]=表成绩单[[#This Row],[考试日期]])*(表成绩单[数学]<9E+307)*(表成绩单[数学]>表成绩单[[#This Row],[数学]]))+1)} -> 697 | R1560: {=IF(表成绩单[[#This Row],[英语]]="","",SUMPRODUCT((表成绩单[考试日期]=表成绩单[[#This Row],[考试日期]])*(表成绩单[英语]<9E+307)*(表成绩单[英语]>表成绩单[[#This Row],[英语]]))+1)} | S1560: {=IF(表成绩单[[#This Row],[物理]]="","",SUMPRODUCT((表成绩单[考试日期]=表成绩单[[#This Row],[考试日期]])*(表成绩单[物理]<9E+307)*(表成绩单[物理]>表成绩单[[#This Row],[物理]]))+1)} -> 719 | T1560: {=IF(表成绩单[[#This Row],[化学]]="","",SUMPRODUCT((表成绩单[考试日期]=表成绩单[[#This Row],[考试日期]])*(表成绩单[化学]<9E+307)*(表成绩单[化学]>表成绩单[[#This Row],[化学]]))+1)} -> 572 | U1560: {=IF(表成绩单[[#This Row],[政治]]="","",SUMPRODUCT((表成绩单[考试日期]=表成绩单[[#This Row],[考试日期]])*(表成绩单[政治]<9E+307)*(表成绩单[政治]>表成绩单[[#This Row],[政治]]))+1)} -> 668 | V1560: {=IF(表成绩单[[#This Row],[历史]]="","",SUMPRODUCT((表成绩单[考试日期]=表成绩单[[#This Row],[考试日期]])*(表成绩单[历史]<9E+307)*(表成绩单[历史]>表成绩单[[#This Row],[历史]]))+1)} | W1560: {=IF(表成绩单[[#This Row],[总分]]="","",SUMPRODUCT((表成绩单[考试日期]=表成绩单[[#This Row],[考试日期]])*(表成绩单[总分]<9E+307)*(表成绩单[总分]>表成绩单[[#This Row],[总分]]))+1)} -> 729
D1561: 46003 | E1561: 19175619 | F1561: 九年级2班 | G1561: 闫浩誉 | P1561: {=IF(表成绩单[[#This Row],[语文]]="","",SUMPRODUCT((表成绩单[考试日期]=表成绩单[[#This Row],[考试日期]])*(表成绩单[语文]<9E+307)*(表成绩单[语文]>表成绩单[[#This Row],[语文]]))+1)} | Q1561: {=IF(表成绩单[[#This Row],[数学]]="","",SUMPRODUCT((表成绩单[考试日期]=表成绩单[[#This Row],[考试日期]])*(表成绩单[数学]<9E+307)*(表成绩单[数学]>表成绩单[[#This Row],[数学]]))+1)} | R1561: {=IF(表成绩单[[#This Row],[英语]]="","",SUMPRODUCT((表成绩单[考试日期]=表成绩单[[#This Row],[考试日期]])*(表成绩单[英语]<9E+307)*(表成绩单[英语]>表成绩单[[#This Row],[英语]]))+1)} | S1561: {=IF(表成绩单[[#This Row],[物理]]="","",SUMPRODUCT((表成绩单[考试日期]=表成绩单[[#This Row],[考试日期]])*(表成绩单[物理]<9E+307)*(表成绩单[物理]>表成绩单[[#This Row],[物理]]))+1)} | T1561: {=IF(表成绩单[[#This Row],[化学]]="","",SUMPRODUCT((表成绩单[考试日期]=表成绩单[[#This Row],[考试日期]])*(表成绩单[化学]<9E+307)*(表成绩单[化学]>表成绩单[[#This Row],[化学]]))+1)} | U1561: {=IF(表成绩单[[#This Row],[政治]]="","",SUMPRODUCT((表成绩单[考试日期]=表成绩单[[#This Row],[考试日期]])*(表成绩单[政治]<9E+307)*(表成绩单[政治]>表成绩单[[#This Row],[政治]]))+1)} | V1561: {=IF(表成绩单[[#This Row],[历史]]="","",SUMPRODUCT((表成绩单[考试日期]=表成绩单[[#This Row],[考试日期]])*(表成绩单[历史]<9E+307)*(表成绩单[历史]>表成绩单[[#This Row],[历史]]))+1)} | W1561: {=IF(表成绩单[[#This Row],[总分]]="","",SUMPRODUCT((表成绩单[考试日期]=表成绩单[[#This Row],[考试日期]])*(表成绩单[总分]<9E+307)*(表成绩单[总分]>表成绩单[[#This Row],[总分]]))+1)}
D1562: 46003 | E1562: 19175623 | F1562: 九年级2班 | G1562: 张柔华 | P1562: {=IF(表成绩单[[#This Row],[语文]]="","",SUMPRODUCT((表成绩单[考试日期]=表成绩单[[#This Row],[考试日期]])*(表成绩单[语文]<9E+307)*(表成绩单[语文]>表成绩单[[#This Row],[语文]]))+1)} | Q1562: {=IF(表成绩单[[#This Row],[数学]]="","",SUMPRODUCT((表成绩单[考试日期]=表成绩单[[#This Row],[考试日期]])*(表成绩单[数学]<9E+307)*(表成绩单[数学]>表成绩单[[#This Row],[数学]]))+1)} | R1562: {=IF(表成绩单[[#This Row],[英语]]="","",SUMPRODUCT((表成绩单[考试日期]=表成绩单[[#This Row],[考试日期]])*(表成绩单[英语]<9E+307)*(表成绩单[英语]>表成绩单[[#This Row],[英语]]))+1)} | S1562: {=IF(表成绩单[[#This Row],[物理]]="","",SUMPRODUCT((表成绩单[考试日期]=表成绩单[[#This Row],[考试日期]])*(表成绩单[物理]<9E+307)*(表成绩单[物理]>表成绩单[[#This Row],[物理]]))+1)} | T1562: {=IF(表成绩单[[#This Row],[化学]]="","",SUMPRODUCT((表成绩单[考试日期]=表成绩单[[#This Row],[考试日期]])*(表成绩单[化学]<9E+307)*(表成绩单[化学]>表成绩单[[#This Row],[化学]]))+1)} | U1562: {=IF(表成绩单[[#This Row],[政治]]="","",SUMPRODUCT((表成绩单[考试日期]=表成绩单[[#This Row],[考试日期]])*(表成绩单[政治]<9E+307)*(表成绩单[政治]>表成绩单[[#This Row],[政治]]))+1)} | V1562: {=IF(表成绩单[[#This Row],[历史]]="","",SUMPRODUCT((表成绩单[考试日期]=表成绩单[[#This Row],[考试日期]])*(表成绩单[历史]<9E+307)*(表成绩单[历史]>表成绩单[[#This Row],[历史]]))+1)} | W1562: {=IF(表成绩单[[#This Row],[总分]]="","",SUMPRODUCT((表成绩单[考试日期]=表成绩单[[#This Row],[考试日期]])*(表成绩单[总分]<9E+307)*(表成绩单[总分]>表成绩单[[#This Row],[总分]]))+1)}
D1563: 46003 | E1563: 19175624 | F1563: 九年级2班 | G1563: 张馨予 | P1563: {=IF(表成绩单[[#This Row],[语文]]="","",SUMPRODUCT((表成绩单[考试日期]=表成绩单[[#This Row],[考试日期]])*(表成绩单[语文]<9E+307)*(表成绩单[语文]>表成绩单[[#This Row],[语文]]))+1)} | Q1563: {=IF(表成绩单[[#This Row],[数学]]="","",SUMPRODUCT((表成绩单[考试日期]=表成绩单[[#This Row],[考试日期]])*(表成绩单[数学]<9E+307)*(表成绩单[数学]>表成绩单[[#This Row],[数学]]))+1)} | R1563: {=IF(表成绩单[[#This Row],[英语]]="","",SUMPRODUCT((表成绩单[考试日期]=表成绩单[[#This Row],[考试日期]])*(表成绩单[英语]<9E+307)*(表成绩单[英语]>表成绩单[[#This Row],[英语]]))+1)} | S1563: {=IF(表成绩单[[#This Row],[物理]]="","",SUMPRODUCT((表成绩单[考试日期]=表成绩单[[#This Row],[考试日期]])*(表成绩单[物理]<9E+307)*(表成绩单[物理]>表成绩单[[#This Row],[物理]]))+1)} | T1563: {=IF(表成绩单[[#This Row],[化学]]="","",SUMPRODUCT((表成绩单[考试日期]=表成绩单[[#This Row],[考试日期]])*(表成绩单[化学]<9E+307)*(表成绩单[化学]>表成绩单[[#This Row],[化学]]))+1)} | U1563: {=IF(表成绩单[[#This Row],[政治]]="","",SUMPRODUCT((表成绩单[考试日期]=表成绩单[[#This Row],[考试日期]])*(表成绩单[政治]<9E+307)*(表成绩单[政治]>表成绩单[[#This Row],[政治]]))+1)} | V1563: {=IF(表成绩单[[#This Row],[历史]]="","",SUMPRODUCT((表成绩单[考试日期]=表成绩单[[#This Row],[考试日期]])*(表成绩单[历史]<9E+307)*(表成绩单[历史]>表成绩单[[#This Row],[历史]]))+1)} | W1563: {=IF(表成绩单[[#This Row],[总分]]="","",SUMPRODUCT((表成绩单[考试日期]=表成绩单[[#This Row],[考试日期]])*(表成绩单[总分]<9E+307)*(表成绩单[总分]>表成绩单[[#This Row],[总分]]))+1)}
D1564: 46003 | E1564: 19175625 | F1564: 九年级2班 | G1564: 张娅楠 | P1564: {=IF(表成绩单[[#This Row],[语文]]="","",SUMPRODUCT((表成绩单[考试日期]=表成绩单[[#This Row],[考试日期]])*(表成绩单[语文]<9E+307)*(表成绩单[语文]>表成绩单[[#This Row],[语文]]))+1)} | Q1564: {=IF(表成绩单[[#This Row],[数学]]="","",SUMPRODUCT((表成绩单[考试日期]=表成绩单[[#This Row],[考试日期]])*(表成绩单[数学]<9E+307)*(表成绩单[数学]>表成绩单[[#This Row],[数学]]))+1)} | R1564: {=IF(表成绩单[[#This Row],[英语]]="","",SUMPRODUCT((表成绩单[考试日期]=表成绩单[[#This Row],[考试日期]])*(表成绩单[英语]<9E+307)*(表成绩单[英语]>表成绩单[[#This Row],[英语]]))+1)} | S1564: {=IF(表成绩单[[#This Row],[物理]]="","",SUMPRODUCT((表成绩单[考试日期]=表成绩单[[#This Row],[考试日期]])*(表成绩单[物理]<9E+307)*(表成绩单[物理]>表成绩单[[#This Row],[物理]]))+1)} | T1564: {=IF(表成绩单[[#This Row],[化学]]="","",SUMPRODUCT((表成绩单[考试日期]=表成绩单[[#This Row],[考试日期]])*(表成绩单[化学]<9E+307)*(表成绩单[化学]>表成绩单[[#This Row],[化学]]))+1)} | U1564: {=IF(表成绩单[[#This Row],[政治]]="","",SUMPRODUCT((表成绩单[考试日期]=表成绩单[[#This Row],[考试日期]])*(表成绩单[政治]<9E+307)*(表成绩单[政治]>表成绩单[[#This Row],[政治]]))+1)} | V1564: {=IF(表成绩单[[#This Row],[历史]]="","",SUMPRODUCT((表成绩单[考试日期]=表成绩单[[#This Row],[考试日期]])*(表成绩单[历史]<9E+307)*(表成绩单[历史]>表成绩单[[#This Row],[历史]]))+1)} | W1564: {=IF(表成绩单[[#This Row],[总分]]="","",SUMPRODUCT((表成绩单[考试日期]=表成绩单[[#This Row],[考试日期]])*(表成绩单[总分]<9E+307)*(表成绩单[总分]>表成绩单[[#This Row],[总分]]))+1)}
D1565: 46003 | E1565: 19175645 | F1565: 九年级10班 | G1565: 林致 | P1565: {=IF(表成绩单[[#This Row],[语文]]="","",SUMPRODUCT((表成绩单[考试日期]=表成绩单[[#This Row],[考试日期]])*(表成绩单[语文]<9E+307)*(表成绩单[语文]>表成绩单[[#This Row],[语文]]))+1)} | Q1565: {=IF(表成绩单[[#This Row],[数学]]="","",SUMPRODUCT((表成绩单[考试日期]=表成绩单[[#This Row],[考试日期]])*(表成绩单[数学]<9E+307)*(表成绩单[数学]>表成绩单[[#This Row],[数学]]))+1)} | R1565: {=IF(表成绩单[[#This Row],[英语]]="","",SUMPRODUCT((表成绩单[考试日期]=表成绩单[[#This Row],[考试日期]])*(表成绩单[英语]<9E+307)*(表成绩单[英语]>表成绩单[[#This Row],[英语]]))+1)} | S1565: {=IF(表成绩单[[#This Row],[物理]]="","",SUMPRODUCT((表成绩单[考试日期]=表成绩单[[#This Row],[考试日期]])*(表成绩单[物理]<9E+307)*(表成绩单[物理]>表成绩单[[#This Row],[物理]]))+1)} | T1565: {=IF(表成绩单[[#This Row],[化学]]="","",SUMPRODUCT((表成绩单[考试日期]=表成绩单[[#This Row],[考试日期]])*(表成绩单[化学]<9E+307)*(表成绩单[化学]>表成绩单[[#This Row],[化学]]))+1)} | U1565: {=IF(表成绩单[[#This Row],[政治]]="","",SUMPRODUCT((表成绩单[考试日期]=表成绩单[[#This Row],[考试日期]])*(表成绩单[政治]<9E+307)*(表成绩单[政治]>表成绩单[[#This Row],[政治]]))+1)} | V1565: {=IF(表成绩单[[#This Row],[历史]]="","",SUMPRODUCT((表成绩单[考试日期]=表成绩单[[#This Row],[考试日期]])*(表成绩单[历史]<9E+307)*(表成绩单[历史]>表成绩单[[#This Row],[历史]]))+1)} | W1565: {=IF(表成绩单[[#This Row],[总分]]="","",SUMPRODUCT((表成绩单[考试日期]=表成绩单[[#This Row],[考试日期]])*(表成绩单[总分]<9E+307)*(表成绩单[总分]>表成绩单[[#This Row],[总分]]))+1)}
D1566: 46003 | E1566: 19175666 | F1566: 九年级10班 | G1566: 叶语宸 | P1566: {=IF(表成绩单[[#This Row],[语文]]="","",SUMPRODUCT((表成绩单[考试日期]=表成绩单[[#This Row],[考试日期]])*(表成绩单[语文]<9E+307)*(表成绩单[语文]>表成绩单[[#This Row],[语文]]))+1)} | Q1566: {=IF(表成绩单[[#This Row],[数学]]="","",SUMPRODUCT((表成绩单[考试日期]=表成绩单[[#This Row],[考试日期]])*(表成绩单[数学]<9E+307)*(表成绩单[数学]>表成绩单[[#This Row],[数学]]))+1)} | R1566: {=IF(表成绩单[[#This Row],[英语]]="","",SUMPRODUCT((表成绩单[考试日期]=表成绩单[[#This Row],[考试日期]])*(表成绩单[英语]<9E+307)*(表成绩单[英语]>表成绩单[[#This Row],[英语]]))+1)} | S1566: {=IF(表成绩单[[#This Row],[物理]]="","",SUMPRODUCT((表成绩单[考试日期]=表成绩单[[#This Row],[考试日期]])*(表成绩单[物理]<9E+307)*(表成绩单[物理]>表成绩单[[#This Row],[物理]]))+1)} | T1566: {=IF(表成绩单[[#This Row],[化学]]="","",SUMPRODUCT((表成绩单[考试日期]=表成绩单[[#This Row],[考试日期]])*(表成绩单[化学]<9E+307)*(表成绩单[化学]>表成绩单[[#This Row],[化学]]))+1)} | U1566: {=IF(表成绩单[[#This Row],[政治]]="","",SUMPRODUCT((表成绩单[考试日期]=表成绩单[[#This Row],[考试日期]])*(表成绩单[政治]<9E+307)*(表成绩单[政治]>表成绩单[[#This Row],[政治]]))+1)} | V1566: {=IF(表成绩单[[#This Row],[历史]]="","",SUMPRODUCT((表成绩单[考试日期]=表成绩单[[#This Row],[考试日期]])*(表成绩单[历史]<9E+307)*(表成绩单[历史]>表成绩单[[#This Row],[历史]]))+1)} | W1566: {=IF(表成绩单[[#This Row],[总分]]="","",SUMPRODUCT((表成绩单[考试日期]=表成绩单[[#This Row],[考试日期]])*(表成绩单[总分]<9E+307)*(表成绩单[总分]>表成绩单[[#This Row],[总分]]))+1)}
D1567: 46003 | E1567: 19175980 | F1567: 九年级4班 | G1567: 曾可欣 | H1567: 81 | I1567: 53 | K1567: 61 | L1567: 67 | M1567: 37 | O1567: 299 | P1567: {=IF(表成绩单[[#This Row],[语文]]="","",SUMPRODUCT((表成绩单[考试日期]=表成绩单[[#This Row],[考试日期]])*(表成绩单[语文]<9E+307)*(表成绩单[语文]>表成绩单[[#This Row],[语文]]))+1)} -> 664 | Q1567: {=IF(表成绩单[[#This Row],[数学]]="","",SUMPRODUCT((表成绩单[考试日期]=表成绩单[[#This Row],[考试日期]])*(表成绩单[数学]<9E+307)*(表成绩单[数学]>表成绩单[[#This Row],[数学]]))+1)} -> 565 | R1567: {=IF(表成绩单[[#This Row],[英语]]="","",SUMPRODUCT((表成绩单[考试日期]=表成绩单[[#This Row],[考试日期]])*(表成绩单[英语]<9E+307)*(表成绩单[英语]>表成绩单[[#This Row],[英语]]))+1)} | S1567: {=IF(表成绩单[[#This Row],[物理]]="","",SUMPRODUCT((表成绩单[考试日期]=表成绩单[[#This Row],[考试日期]])*(表成绩单[物理]<9E+307)*(表成绩单[物理]>表成绩单[[#This Row],[物理]]))+1)} -> 581 | T1567: {=IF(表成绩单[[#This Row],[化学]]="","",SUMPRODUCT((表成绩单[考试日期]=表成绩单[[#This Row],[考试日期]])*(表成绩单[化学]<9E+307)*(表成绩单[化学]>表成绩单[[#This Row],[化学]]))+1)} -> 521 | U1567: {=IF(表成绩单[[#This Row],[政治]]="","",SUMPRODUCT((表成绩单[考试日期]=表成绩单[[#This Row],[考试日期]])*(表成绩单[政治]<9E+307)*(表成绩单[政治]>表成绩单[[#This Row],[政治]]))+1)} -> 697 | V1567: {=IF(表成绩单[[#This Row],[历史]]="","",SUMPRODUCT((表成绩单[考试日期]=表成绩单[[#This Row],[考试日期]])*(表成绩单[历史]<9E+307)*(表成绩单[历史]>表成绩单[[#This Row],[历史]]))+1)} | W1567: {=IF(表成绩单[[#This Row],[总分]]="","",SUMPRODUCT((表成绩单[考试日期]=表成绩单[[#This Row],[考试日期]])*(表成绩单[总分]<9E+307)*(表成绩单[总分]>表成绩单[[#This Row],[总分]]))+1)} -> 702
D1568: 46003 | E1568: 19175989 | F1568: 九年级4班 | G1568: 黄芷恩 | P1568: {=IF(表成绩单[[#This Row],[语文]]="","",SUMPRODUCT((表成绩单[考试日期]=表成绩单[[#This Row],[考试日期]])*(表成绩单[语文]<9E+307)*(表成绩单[语文]>表成绩单[[#This Row],[语文]]))+1)} | Q1568: {=IF(表成绩单[[#This Row],[数学]]="","",SUMPRODUCT((表成绩单[考试日期]=表成绩单[[#This Row],[考试日期]])*(表成绩单[数学]<9E+307)*(表成绩单[数学]>表成绩单[[#This Row],[数学]]))+1)} | R1568: {=IF(表成绩单[[#This Row],[英语]]="","",SUMPRODUCT((表成绩单[考试日期]=表成绩单[[#This Row],[考试日期]])*(表成绩单[英语]<9E+307)*(表成绩单[英语]>表成绩单[[#This Row],[英语]]))+1)} | S1568: {=IF(表成绩单[[#This Row],[物理]]="","",SUMPRODUCT((表成绩单[考试日期]=表成绩单[[#This Row],[考试日期]])*(表成绩单[物理]<9E+307)*(表成绩单[物理]>表成绩单[[#This Row],[物理]]))+1)} | T1568: {=IF(表成绩单[[#This Row],[化学]]="","",SUMPRODUCT((表成绩单[考试日期]=表成绩单[[#This Row],[考试日期]])*(表成绩单[化学]<9E+307)*(表成绩单[化学]>表成绩单[[#This Row],[化学]]))+1)} | U1568: {=IF(表成绩单[[#This Row],[政治]]="","",SUMPRODUCT((表成绩单[考试日期]=表成绩单[[#This Row],[考试日期]])*(表成绩单[政治]<9E+307)*(表成绩单[政治]>表成绩单[[#This Row],[政治]]))+1)} | V1568: {=IF(表成绩单[[#This Row],[历史]]="","",SUMPRODUCT((表成绩单[考试日期]=表成绩单[[#This Row],[考试日期]])*(表成绩单[历史]<9E+307)*(表成绩单[历史]>表成绩单[[#This Row],[历史]]))+1)} | W1568: {=IF(表成绩单[[#This Row],[总分]]="","",SUMPRODUCT((表成绩单[考试日期]=表成绩单[[#This Row],[考试日期]])*(表成绩单[总分]<9E+307)*(表成绩单[总分]>表成绩单[[#This Row],[总分]]))+1)}
D1569: 46003 | E1569: 19176000 | F1569: 九年级4班 | G1569: 林煜涔 | H1569: 84 | J1569: 42 | K1569: 51 | L1569: 53 | N1569: 42 | O1569: 272 | P1569: {=IF(表成绩单[[#This Row],[语文]]="","",SUMPRODUCT((表成绩单[考试日期]=表成绩单[[#This Row],[考试日期]])*(表成绩单[语文]<9E+307)*(表成绩单[语文]>表成绩单[[#This Row],[语文]]))+1)} -> 642 | Q1569: {=IF(表成绩单[[#This Row],[数学]]="","",SUMPRODUCT((表成绩单[考试日期]=表成绩单[[#This Row],[考试日期]])*(表成绩单[数学]<9E+307)*(表成绩单[数学]>表成绩单[[#This Row],[数学]]))+1)} | R1569: {=IF(表成绩单[[#This Row],[英语]]="","",SUMPRODUCT((表成绩单[考试日期]=表成绩单[[#This Row],[考试日期]])*(表成绩单[英语]<9E+307)*(表成绩单[英语]>表成绩单[[#This Row],[英语]]))+1)} -> 641 | S1569: {=IF(表成绩单[[#This Row],[物理]]="","",SUMPRODUCT((表成绩单[考试日期]=表成绩单[[#This Row],[考试日期]])*(表成绩单[物理]<9E+307)*(表成绩单[物理]>表成绩单[[#This Row],[物理]]))+1)} -> 630 | T1569: {=IF(表成绩单[[#This Row],[化学]]="","",SUMPRODUCT((表成绩单[考试日期]=表成绩单[[#This Row],[考试日期]])*(表成绩单[化学]<9E+307)*(表成绩单[化学]>表成绩单[[#This Row],[化学]]))+1)} -> 635 | U1569: {=IF(表成绩单[[#This Row],[政治]]="","",SUMPRODUCT((表成绩单[考试日期]=表成绩单[[#This Row],[考试日期]])*(表成绩单[政治]<9E+307)*(表成绩单[政治]>表成绩单[[#This Row],[政治]]))+1)} | V1569: {=IF(表成绩单[[#This Row],[历史]]="","",SUMPRODUCT((表成绩单[考试日期]=表成绩单[[#This Row],[考试日期]])*(表成绩单[历史]<9E+307)*(表成绩单[历史]>表成绩单[[#This Row],[历史]]))+1)} -> 721 | W1569: {=IF(表成绩单[[#This Row],[总分]]="","",SUMPRODUCT((表成绩单[考试日期]=表成绩单[[#This Row],[考试日期]])*(表成绩单[总分]<9E+307)*(表成绩单[总分]>表成绩单[[#This Row],[总分]]))+1)} -> 712
D1570: 46003 | E1570: 19176003 | F1570: 九年级4班 | G1570: 润熙和 | I1570: 15 | M1570: 32 | O1570: 47 | P1570: {=IF(表成绩单[[#This Row],[语文]]="","",SUMPRODUCT((表成绩单[考试日期]=表成绩单[[#This Row],[考试日期]])*(表成绩单[语文]<9E+307)*(表成绩单[语文]>表成绩单[[#This Row],[语文]]))+1)} | Q1570: {=IF(表成绩单[[#This Row],[数学]]="","",SUMPRODUCT((表成绩单[考试日期]=表成绩单[[#This Row],[考试日期]])*(表成绩单[数学]<9E+307)*(表成绩单[数学]>表成绩单[[#This Row],[数学]]))+1)} -> 719 | R1570: {=IF(表成绩单[[#This Row],[英语]]="","",SUMPRODUCT((表成绩单[考试日期]=表成绩单[[#This Row],[考试日期]])*(表成绩单[英语]<9E+307)*(表成绩单[英语]>表成绩单[[#This Row],[英语]]))+1)} | S1570: {=IF(表成绩单[[#This Row],[物理]]="","",SUMPRODUCT((表成绩单[考试日期]=表成绩单[[#This Row],[考试日期]])*(表成绩单[物理]<9E+307)*(表成绩单[物理]>表成绩单[[#This Row],[物理]]))+1)} | T1570: {=IF(表成绩单[[#This Row],[化学]]="","",SUMPRODUCT((表成绩单[考试日期]=表成绩单[[#This Row],[考试日期]])*(表成绩单[化学]<9E+307)*(表成绩单[化学]>表成绩单[[#This Row],[化学]]))+1)} | U1570: {=IF(表成绩单[[#This Row],[政治]]="","",SUMPRODUCT((表成绩单[考试日期]=表成绩单[[#This Row],[考试日期]])*(表成绩单[政治]<9E+307)*(表成绩单[政治]>表成绩单[[#This Row],[政治]]))+1)} -> 717 | V1570: {=IF(表成绩单[[#This Row],[历史]]="","",SUMPRODUCT((表成绩单[考试日期]=表成绩单[[#This Row],[考试日期]])*(表成绩单[历史]<9E+307)*(表成绩单[历史]>表成绩单[[#This Row],[历史]]))+1)} | W1570: {=IF(表成绩单[[#This Row],[总分]]="","",SUMPRODUCT((表成绩单[考试日期]=表成绩单[[#This Row],[考试日期]])*(表成绩单[总分]<9E+307)*(表成绩单[总分]>表成绩单[[#This Row],[总分]]))+1)} -> 742
D1571: 46003 | E1571: 19176009 | F1571: 九年级4班 | G1571: 吴雨琳 | J1571: 46 | N1571: 55 | O1571: 101 | P1571: {=IF(表成绩单[[#This Row],[语文]]="","",SUMPRODUCT((表成绩单[考试日期]=表成绩单[[#This Row],[考试日期]])*(表成绩单[语文]<9E+307)*(表成绩单[语文]>表成绩单[[#This Row],[语文]]))+1)} | Q1571: {=IF(表成绩单[[#This Row],[数学]]="","",SUMPRODUCT((表成绩单[考试日期]=表成绩单[[#This Row],[考试日期]])*(表成绩单[数学]<9E+307)*(表成绩单[数学]>表成绩单[[#This Row],[数学]]))+1)} | R1571: {=IF(表成绩单[[#This Row],[英语]]="","",SUMPRODUCT((表成绩单[考试日期]=表成绩单[[#This Row],[考试日期]])*(表成绩单[英语]<9E+307)*(表成绩单[英语]>表成绩单[[#This Row],[英语]]))+1)} -> 626 | S1571: {=IF(表成绩单[[#This Row],[物理]]="","",SUMPRODUCT((表成绩单[考试日期]=表成绩单[[#This Row],[考试日期]])*(表成绩单[物理]<9E+307)*(表成绩单[物理]>表成绩单[[#This Row],[物理]]))+1)} | T1571: {=IF(表成绩单[[#This Row],[化学]]="","",SUMPRODUCT((表成绩单[考试日期]=表成绩单[[#This Row],[考试日期]])*(表成绩单[化学]<9E+307)*(表成绩单[化学]>表成绩单[[#This Row],[化学]]))+1)} | U1571: {=IF(表成绩单[[#This Row],[政治]]="","",SUMPRODUCT((表成绩单[考试日期]=表成绩单[[#This Row],[考试日期]])*(表成绩单[政治]<9E+307)*(表成绩单[政治]>表成绩单[[#This Row],[政治]]))+1)} | V1571: {=IF(表成绩单[[#This Row],[历史]]="","",SUMPRODUCT((表成绩单[考试日期]=表成绩单[[#This Row],[考试日期]])*(表成绩单[历史]<9E+307)*(表成绩单[历史]>表成绩单[[#This Row],[历史]]))+1)} -> 670 | W1571: {=IF(表成绩单[[#This Row],[总分]]="","",SUMPRODUCT((表成绩单[考试日期]=表成绩单[[#This Row],[考试日期]])*(表成绩单[总分]<9E+307)*(表成绩单[总分]>表成绩单[[#This Row],[总分]]))+1)} -> 739
D1572: 46003 | E1572: 19177595 | F1572: 九年级3班 | G1572: 方梓涵 | I1572: 56 | K1572: 81 | L1572: 57 | M1572: 54 | O1572: 248 | P1572: {=IF(表成绩单[[#This Row],[语文]]="","",SUMPRODUCT((表成绩单[考试日期]=表成绩单[[#This Row],[考试日期]])*(表成绩单[语文]<9E+307)*(表成绩单[语文]>表成绩单[[#This Row],[语文]]))+1)} | Q1572: {=IF(表成绩单[[#This Row],[数学]]="","",SUMPRODUCT((表成绩单[考试日期]=表成绩单[[#This Row],[考试日期]])*(表成绩单[数学]<9E+307)*(表成绩单[数学]>表成绩单[[#This Row],[数学]]))+1)} -> 544 | R1572: {=IF(表成绩单[[#This Row],[英语]]="","",SUMPRODUCT((表成绩单[考试日期]=表成绩单[[#This Row],[考试日期]])*(表成绩单[英语]<9E+307)*(表成绩单[英语]>表成绩单[[#This Row],[英语]]))+1)} | S1572: {=IF(表成绩单[[#This Row],[物理]]="","",SUMPRODUCT((表成绩单[考试日期]=表成绩单[[#This Row],[考试日期]])*(表成绩单[物理]<9E+307)*(表成绩单[物理]>表成绩单[[#This Row],[物理]]))+1)} -> 405 | T1572: {=IF(表成绩单[[#This Row],[化学]]="","",SUMPRODUCT((表成绩单[考试日期]=表成绩单[[#This Row],[考试日期]])*(表成绩单[化学]<9E+307)*(表成绩单[化学]>表成绩单[[#This Row],[化学]]))+1)} -> 608 | U1572: {=IF(表成绩单[[#This Row],[政治]]="","",SUMPRODUCT((表成绩单[考试日期]=表成绩单[[#This Row],[考试日期]])*(表成绩单[政治]<9E+307)*(表成绩单[政治]>表成绩单[[#This Row],[政治]]))+1)} -> 524 | V1572: {=IF(表成绩单[[#This Row],[历史]]="","",SUMPRODUCT((表成绩单[考试日期]=表成绩单[[#This Row],[考试日期]])*(表成绩单[历史]<9E+307)*(表成绩单[历史]>表成绩单[[#This Row],[历史]]))+1)} | W1572: {=IF(表成绩单[[#This Row],[总分]]="","",SUMPRODUCT((表成绩单[考试日期]=表成绩单[[#This Row],[考试日期]])*(表成绩单[总分]<9E+307)*(表成绩单[总分]>表成绩单[[#This Row],[总分]]))+1)} -> 720
D1573: 46003 | E1573: 19177598 | F1573: 九年级3班 | G1573: 何致远 | P1573: {=IF(表成绩单[[#This Row],[语文]]="","",SUMPRODUCT((表成绩单[考试日期]=表成绩单[[#This Row],[考试日期]])*(表成绩单[语文]<9E+307)*(表成绩单[语文]>表成绩单[[#This Row],[语文]]))+1)} | Q1573: {=IF(表成绩单[[#This Row],[数学]]="","",SUMPRODUCT((表成绩单[考试日期]=表成绩单[[#This Row],[考试日期]])*(表成绩单[数学]<9E+307)*(表成绩单[数学]>表成绩单[[#This Row],[数学]]))+1)} | R1573: {=IF(表成绩单[[#This Row],[英语]]="","",SUMPRODUCT((表成绩单[考试日期]=表成绩单[[#This Row],[考试日期]])*(表成绩单[英语]<9E+307)*(表成绩单[英语]>表成绩单[[#This Row],[英语]]))+1)} | S1573: {=IF(表成绩单[[#This Row],[物理]]="","",SUMPRODUCT((表成绩单[考试日期]=表成绩单[[#This Row],[考试日期]])*(表成绩单[物理]<9E+307)*(表成绩单[物理]>表成绩单[[#This Row],[物理]]))+1)} | T1573: {=IF(表成绩单[[#This Row],[化学]]="","",SUMPRODUCT((表成绩单[考试日期]=表成绩单[[#This Row],[考试日期]])*(表成绩单[化学]<9E+307)*(表成绩单[化学]>表成绩单[[#This Row],[化学]]))+1)} | U1573: {=IF(表成绩单[[#This Row],[政治]]="","",SUMPRODUCT((表成绩单[考试日期]=表成绩单[[#This Row],[考试日期]])*(表成绩单[政治]<9E+307)*(表成绩单[政治]>表成绩单[[#This Row],[政治]]))+1)} | V1573: {=IF(表成绩单[[#This Row],[历史]]="","",SUMPRODUCT((表成绩单[考试日期]=表成绩单[[#This Row],[考试日期]])*(表成绩单[历史]<9E+307)*(表成绩单[历史]>表成绩单[[#This Row],[历史]]))+1)} | W1573: {=IF(表成绩单[[#This Row],[总分]]="","",SUMPRODUCT((表成绩单[考试日期]=表成绩单[[#This Row],[考试日期]])*(表成绩单[总分]<9E+307)*(表成绩单[总分]>表成绩单[[#This Row],[总分]]))+1)}
D1574: 46003 | E1574: 19177633 | F1574: 九年级7班 | G1574: 陈俊钊 | P1574: {=IF(表成绩单[[#This Row],[语文]]="","",SUMPRODUCT((表成绩单[考试日期]=表成绩单[[#This Row],[考试日期]])*(表成绩单[语文]<9E+307)*(表成绩单[语文]>表成绩单[[#This Row],[语文]]))+1)} | Q1574: {=IF(表成绩单[[#This Row],[数学]]="","",SUMPRODUCT((表成绩单[考试日期]=表成绩单[[#This Row],[考试日期]])*(表成绩单[数学]<9E+307)*(表成绩单[数学]>表成绩单[[#This Row],[数学]]))+1)} | R1574: {=IF(表成绩单[[#This Row],[英语]]="","",SUMPRODUCT((表成绩单[考试日期]=表成绩单[[#This Row],[考试日期]])*(表成绩单[英语]<9E+307)*(表成绩单[英语]>表成绩单[[#This Row],[英语]]))+1)} | S1574: {=IF(表成绩单[[#This Row],[物理]]="","",SUMPRODUCT((表成绩单[考试日期]=表成绩单[[#This Row],[考试日期]])*(表成绩单[物理]<9E+307)*(表成绩单[物理]>表成绩单[[#This Row],[物理]]))+1)} | T1574: {=IF(表成绩单[[#This Row],[化学]]="","",SUMPRODUCT((表成绩单[考试日期]=表成绩单[[#This Row],[考试日期]])*(表成绩单[化学]<9E+307)*(表成绩单[化学]>表成绩单[[#This Row],[化学]]))+1)} | U1574: {=IF(表成绩单[[#This Row],[政治]]="","",SUMPRODUCT((表成绩单[考试日期]=表成绩单[[#This Row],[考试日期]])*(表成绩单[政治]<9E+307)*(表成绩单[政治]>表成绩单[[#This Row],[政治]]))+1)} | V1574: {=IF(表成绩单[[#This Row],[历史]]="","",SUMPRODUCT((表成绩单[考试日期]=表成绩单[[#This Row],[考试日期]])*(表成绩单[历史]<9E+307)*(表成绩单[历史]>表成绩单[[#This Row],[历史]]))+1)} | W1574: {=IF(表成绩单[[#This Row],[总分]]="","",SUMPRODUCT((表成绩单[考试日期]=表成绩单[[#This Row],[考试日期]])*(表成绩单[总分]<9E+307)*(表成绩单[总分]>表成绩单[[#This Row],[总分]]))+1)}
D1575: 46003 | E1575: 19177635 | F1575: 九年级7班 | G1575: 符培懋 | I1575: 71 | K1575: 60 | L1575: 68 | M1575: 49 | O1575: 248 | P1575: {=IF(表成绩单[[#This Row],[语文]]="","",SUMPRODUCT((表成绩单[考试日期]=表成绩单[[#This Row],[考试日期]])*(表成绩单[语文]<9E+307)*(表成绩单[语文]>表成绩单[[#This Row],[语文]]))+1)} | Q1575: {=IF(表成绩单[[#This Row],[数学]]="","",SUMPRODUCT((表成绩单[考试日期]=表成绩单[[#This Row],[考试日期]])*(表成绩单[数学]<9E+307)*(表成绩单[数学]>表成绩单[[#This Row],[数学]]))+1)} -> 412 | R1575: {=IF(表成绩单[[#This Row],[英语]]="","",SUMPRODUCT((表成绩单[考试日期]=表成绩单[[#This Row],[考试日期]])*(表成绩单[英语]<9E+307)*(表成绩单[英语]>表成绩单[[#This Row],[英语]]))+1)} | S1575: {=IF(表成绩单[[#This Row],[物理]]="","",SUMPRODUCT((表成绩单[考试日期]=表成绩单[[#This Row],[考试日期]])*(表成绩单[物理]<9E+307)*(表成绩单[物理]>表成绩单[[#This Row],[物理]]))+1)} -> 585 | T1575: {=IF(表成绩单[[#This Row],[化学]]="","",SUMPRODUCT((表成绩单[考试日期]=表成绩单[[#This Row],[考试日期]])*(表成绩单[化学]<9E+307)*(表成绩单[化学]>表成绩单[[#This Row],[化学]]))+1)} -> 514 | U1575: {=IF(表成绩单[[#This Row],[政治]]="","",SUMPRODUCT((表成绩单[考试日期]=表成绩单[[#This Row],[考试日期]])*(表成绩单[政治]<9E+307)*(表成绩单[政治]>表成绩单[[#This Row],[政治]]))+1)} -> 600 | V1575: {=IF(表成绩单[[#This Row],[历史]]="","",SUMPRODUCT((表成绩单[考试日期]=表成绩单[[#This Row],[考试日期]])*(表成绩单[历史]<9E+307)*(表成绩单[历史]>表成绩单[[#This Row],[历史]]))+1)} | W1575: {=IF(表成绩单[[#This Row],[总分]]="","",SUMPRODUCT((表成绩单[考试日期]=表成绩单[[#This Row],[考试日期]])*(表成绩单[总分]<9E+307)*(表成绩单[总分]>表成绩单[[#This Row],[总分]]))+1)} -> 720
D1576: 46003 | E1576: 19177639 | F1576: 九年级7班 | G1576: 黄睿曜 | P1576: {=IF(表成绩单[[#This Row],[语文]]="","",SUMPRODUCT((表成绩单[考试日期]=表成绩单[[#This Row],[考试日期]])*(表成绩单[语文]<9E+307)*(表成绩单[语文]>表成绩单[[#This Row],[语文]]))+1)} | Q1576: {=IF(表成绩单[[#This Row],[数学]]="","",SUMPRODUCT((表成绩单[考试日期]=表成绩单[[#This Row],[考试日期]])*(表成绩单[数学]<9E+307)*(表成绩单[数学]>表成绩单[[#This Row],[数学]]))+1)} | R1576: {=IF(表成绩单[[#This Row],[英语]]="","",SUMPRODUCT((表成绩单[考试日期]=表成绩单[[#This Row],[考试日期]])*(表成绩单[英语]<9E+307)*(表成绩单[英语]>表成绩单[[#This Row],[英语]]))+1)} | S1576: {=IF(表成绩单[[#This Row],[物理]]="","",SUMPRODUCT((表成绩单[考试日期]=表成绩单[[#This Row],[考试日期]])*(表成绩单[物理]<9E+307)*(表成绩单[物理]>表成绩单[[#This Row],[物理]]))+1)} | T1576: {=IF(表成绩单[[#This Row],[化学]]="","",SUMPRODUCT((表成绩单[考试日期]=表成绩单[[#This Row],[考试日期]])*(表成绩单[化学]<9E+307)*(表成绩单[化学]>表成绩单[[#This Row],[化学]]))+1)} | U1576: {=IF(表成绩单[[#This Row],[政治]]="","",SUMPRODUCT((表成绩单[考试日期]=表成绩单[[#This Row],[考试日期]])*(表成绩单[政治]<9E+307)*(表成绩单[政治]>表成绩单[[#This Row],[政治]]))+1)} | V1576: {=IF(表成绩单[[#This Row],[历史]]="","",SUMPRODUCT((表成绩单[考试日期]=表成绩单[[#This Row],[考试日期]])*(表成绩单[历史]<9E+307)*(表成绩单[历史]>表成绩单[[#This Row],[历史]]))+1)} | W1576: {=IF(表成绩单[[#This Row],[总分]]="","",SUMPRODUCT((表成绩单[考试日期]=表成绩单[[#This Row],[考试日期]])*(表成绩单[总分]<9E+307)*(表成绩单[总分]>表成绩单[[#This Row],[总分]]))+1)}
D1577: 46003 | E1577: 19177642 | F1577: 九年级7班 | G1577: 蓝博 | P1577: {=IF(表成绩单[[#This Row],[语文]]="","",SUMPRODUCT((表成绩单[考试日期]=表成绩单[[#This Row],[考试日期]])*(表成绩单[语文]<9E+307)*(表成绩单[语文]>表成绩单[[#This Row],[语文]]))+1)} | Q1577: {=IF(表成绩单[[#This Row],[数学]]="","",SUMPRODUCT((表成绩单[考试日期]=表成绩单[[#This Row],[考试日期]])*(表成绩单[数学]<9E+307)*(表成绩单[数学]>表成绩单[[#This Row],[数学]]))+1)} | R1577: {=IF(表成绩单[[#This Row],[英语]]="","",SUMPRODUCT((表成绩单[考试日期]=表成绩单[[#This Row],[考试日期]])*(表成绩单[英语]<9E+307)*(表成绩单[英语]>表成绩单[[#This Row],[英语]]))+1)} | S1577: {=IF(表成绩单[[#This Row],[物理]]="","",SUMPRODUCT((表成绩单[考试日期]=表成绩单[[#This Row],[考试日期]])*(表成绩单[物理]<9E+307)*(表成绩单[物理]>表成绩单[[#This Row],[物理]]))+1)} | T1577: {=IF(表成绩单[[#This Row],[化学]]="","",SUMPRODUCT((表成绩单[考试日期]=表成绩单[[#This Row],[考试日期]])*(表成绩单[化学]<9E+307)*(表成绩单[化学]>表成绩单[[#This Row],[化学]]))+1)} | U1577: {=IF(表成绩单[[#This Row],[政治]]="","",SUMPRODUCT((表成绩单[考试日期]=表成绩单[[#This Row],[考试日期]])*(表成绩单[政治]<9E+307)*(表成绩单[政治]>表成绩单[[#This Row],[政治]]))+1)} | V1577: {=IF(表成绩单[[#This Row],[历史]]="","",SUMPRODUCT((表成绩单[考试日期]=表成绩单[[#This Row],[考试日期]])*(表成绩单[历史]<9E+307)*(表成绩单[历史]>表成绩单[[#This Row],[历史]]))+1)} | W1577: {=IF(表成绩单[[#This Row],[总分]]="","",SUMPRODUCT((表成绩单[考试日期]=表成绩单[[#This Row],[考试日期]])*(表成绩单[总分]<9E+307)*(表成绩单[总分]>表成绩单[[#This Row],[总分]]))+1)}
D1578: 46003 | E1578: 19177644 | F1578: 九年级7班 | G1578: 黎培滔 | P1578: {=IF(表成绩单[[#This Row],[语文]]="","",SUMPRODUCT((表成绩单[考试日期]=表成绩单[[#This Row],[考试日期]])*(表成绩单[语文]<9E+307)*(表成绩单[语文]>表成绩单[[#This Row],[语文]]))+1)} | Q1578: {=IF(表成绩单[[#This Row],[数学]]="","",SUMPRODUCT((表成绩单[考试日期]=表成绩单[[#This Row],[考试日期]])*(表成绩单[数学]<9E+307)*(表成绩单[数学]>表成绩单[[#This Row],[数学]]))+1)} | R1578: {=IF(表成绩单[[#This Row],[英语]]="","",SUMPRODUCT((表成绩单[考试日期]=表成绩单[[#This Row],[考试日期]])*(表成绩单[英语]<9E+307)*(表成绩单[英语]>表成绩单[[#This Row],[英语]]))+1)} | S1578: {=IF(表成绩单[[#This Row],[物理]]="","",SUMPRODUCT((表成绩单[考试日期]=表成绩单[[#This Row],[考试日期]])*(表成绩单[物理]<9E+307)*(表成绩单[物理]>表成绩单[[#This Row],[物理]]))+1)} | T1578: {=IF(表成绩单[[#This Row],[化学]]="","",SUMPRODUCT((表成绩单[考试日期]=表成绩单[[#This Row],[考试日期]])*(表成绩单[化学]<9E+307)*(表成绩单[化学]>表成绩单[[#This Row],[化学]]))+1)} | U1578: {=IF(表成绩单[[#This Row],[政治]]="","",SUMPRODUCT((表成绩单[考试日期]=表成绩单[[#This Row],[考试日期]])*(表成绩单[政治]<9E+307)*(表成绩单[政治]>表成绩单[[#This Row],[政治]]))+1)} | V1578: {=IF(表成绩单[[#This Row],[历史]]="","",SUMPRODUCT((表成绩单[考试日期]=表成绩单[[#This Row],[考试日期]])*(表成绩单[历史]<9E+307)*(表成绩单[历史]>表成绩单[[#This Row],[历史]]))+1)} | W1578: {=IF(表成绩单[[#This Row],[总分]]="","",SUMPRODUCT((表成绩单[考试日期]=表成绩单[[#This Row],[考试日期]])*(表成绩单[总分]<9E+307)*(表成绩单[总分]>表成绩单[[#This Row],[总分]]))+1)}
D1579: 46003 | E1579: 19177647 | F1579: 九年级7班 | G1579: 李佳泽 | P1579: {=IF(表成绩单[[#This Row],[语文]]="","",SUMPRODUCT((表成绩单[考试日期]=表成绩单[[#This Row],[考试日期]])*(表成绩单[语文]<9E+307)*(表成绩单[语文]>表成绩单[[#This Row],[语文]]))+1)} | Q1579: {=IF(表成绩单[[#This Row],[数学]]="","",SUMPRODUCT((表成绩单[考试日期]=表成绩单[[#This Row],[考试日期]])*(表成绩单[数学]<9E+307)*(表成绩单[数学]>表成绩单[[#This Row],[数学]]))+1)} | R1579: {=IF(表成绩单[[#This Row],[英语]]="","",SUMPRODUCT((表成绩单[考试日期]=表成绩单[[#This Row],[考试日期]])*(表成绩单[英语]<9E+307)*(表成绩单[英语]>表成绩单[[#This Row],[英语]]))+1)} | S1579: {=IF(表成绩单[[#This Row],[物理]]="","",SUMPRODUCT((表成绩单[考试日期]=表成绩单[[#This Row],[考试日期]])*(表成绩单[物理]<9E+307)*(表成绩单[物理]>表成绩单[[#This Row],[物理]]))+1)} | T1579: {=IF(表成绩单[[#This Row],[化学]]="","",SUMPRODUCT((表成绩单[考试日期]=表成绩单[[#This Row],[考试日期]])*(表成绩单[化学]<9E+307)*(表成绩单[化学]>表成绩单[[#This Row],[化学]]))+1)} | U1579: {=IF(表成绩单[[#This Row],[政治]]="","",SUMPRODUCT((表成绩单[考试日期]=表成绩单[[#This Row],[考试日期]])*(表成绩单[政治]<9E+307)*(表成绩单[政治]>表成绩单[[#This Row],[政治]]))+1)} | V1579: {=IF(表成绩单[[#This Row],[历史]]="","",SUMPRODUCT((表成绩单[考试日期]=表成绩单[[#This Row],[考试日期]])*(表成绩单[历史]<9E+307)*(表成绩单[历史]>表成绩单[[#This Row],[历史]]))+1)} | W1579: {=IF(表成绩单[[#This Row],[总分]]="","",SUMPRODUCT((表成绩单[考试日期]=表成绩单[[#This Row],[考试日期]])*(表成绩单[总分]<9E+307)*(表成绩单[总分]>表成绩单[[#This Row],[总分]]))+1)}
D1580: 46003 | E1580: 19177651 | F1580: 九年级7班 | G1580: 林佩雯 | P1580: {=IF(表成绩单[[#This Row],[语文]]="","",SUMPRODUCT((表成绩单[考试日期]=表成绩单[[#This Row],[考试日期]])*(表成绩单[语文]<9E+307)*(表成绩单[语文]>表成绩单[[#This Row],[语文]]))+1)} | Q1580: {=IF(表成绩单[[#This Row],[数学]]="","",SUMPRODUCT((表成绩单[考试日期]=表成绩单[[#This Row],[考试日期]])*(表成绩单[数学]<9E+307)*(表成绩单[数学]>表成绩单[[#This Row],[数学]]))+1)} | R1580: {=IF(表成绩单[[#This Row],[英语]]="","",SUMPRODUCT((表成绩单[考试日期]=表成绩单[[#This Row],[考试日期]])*(表成绩单[英语]<9E+307)*(表成绩单[英语]>表成绩单[[#This Row],[英语]]))+1)} | S1580: {=IF(表成绩单[[#This Row],[物理]]="","",SUMPRODUCT((表成绩单[考试日期]=表成绩单[[#This Row],[考试日期]])*(表成绩单[物理]<9E+307)*(表成绩单[物理]>表成绩单[[#This Row],[物理]]))+1)} | T1580: {=IF(表成绩单[[#This Row],[化学]]="","",SUMPRODUCT((表成绩单[考试日期]=表成绩单[[#This Row],[考试日期]])*(表成绩单[化学]<9E+307)*(表成绩单[化学]>表成绩单[[#This Row],[化学]]))+1)} | U1580: {=IF(表成绩单[[#This Row],[政治]]="","",SUMPRODUCT((表成绩单[考试日期]=表成绩单[[#This Row],[考试日期]])*(表成绩单[政治]<9E+307)*(表成绩单[政治]>表成绩单[[#This Row],[政治]]))+1)} | V1580: {=IF(表成绩单[[#This Row],[历史]]="","",SUMPRODUCT((表成绩单[考试日期]=表成绩单[[#This Row],[考试日期]])*(表成绩单[历史]<9E+307)*(表成绩单[历史]>表成绩单[[#This Row],[历史]]))+1)} | W1580: {=IF(表成绩单[[#This Row],[总分]]="","",SUMPRODUCT((表成绩单[考试日期]=表成绩单[[#This Row],[考试日期]])*(表成绩单[总分]<9E+307)*(表成绩单[总分]>表成绩单[[#This Row],[总分]]))+1)}
D1581: 46003 | E1581: 19177655 | F1581: 九年级7班 | G1581: 苏嘉华 | P1581: {=IF(表成绩单[[#This Row],[语文]]="","",SUMPRODUCT((表成绩单[考试日期]=表成绩单[[#This Row],[考试日期]])*(表成绩单[语文]<9E+307)*(表成绩单[语文]>表成绩单[[#This Row],[语文]]))+1)} | Q1581: {=IF(表成绩单[[#This Row],[数学]]="","",SUMPRODUCT((表成绩单[考试日期]=表成绩单[[#This Row],[考试日期]])*(表成绩单[数学]<9E+307)*(表成绩单[数学]>表成绩单[[#This Row],[数学]]))+1)} | R1581: {=IF(表成绩单[[#This Row],[英语]]="","",SUMPRODUCT((表成绩单[考试日期]=表成绩单[[#This Row],[考试日期]])*(表成绩单[英语]<9E+307)*(表成绩单[英语]>表成绩单[[#This Row],[英语]]))+1)} | S1581: {=IF(表成绩单[[#This Row],[物理]]="","",SUMPRODUCT((表成绩单[考试日期]=表成绩单[[#This Row],[考试日期]])*(表成绩单[物理]<9E+307)*(表成绩单[物理]>表成绩单[[#This Row],[物理]]))+1)} | T1581: {=IF(表成绩单[[#This Row],[化学]]="","",SUMPRODUCT((表成绩单[考试日期]=表成绩单[[#This Row],[考试日期]])*(表成绩单[化学]<9E+307)*(表成绩单[化学]>表成绩单[[#This Row],[化学]]))+1)} | U1581: {=IF(表成绩单[[#This Row],[政治]]="","",SUMPRODUCT((表成绩单[考试日期]=表成绩单[[#This Row],[考试日期]])*(表成绩单[政治]<9E+307)*(表成绩单[政治]>表成绩单[[#This Row],[政治]]))+1)} | V1581: {=IF(表成绩单[[#This Row],[历史]]="","",SUMPRODUCT((表成绩单[考试日期]=表成绩单[[#This Row],[考试日期]])*(表成绩单[历史]<9E+307)*(表成绩单[历史]>表成绩单[[#This Row],[历史]]))+1)} | W1581: {=IF(表成绩单[[#This Row],[总分]]="","",SUMPRODUCT((表成绩单[考试日期]=表成绩单[[#This Row],[考试日期]])*(表成绩单[总分]<9E+307)*(表成绩单[总分]>表成绩单[[#This Row],[总分]]))+1)}
D1582: 46003 | E1582: 19177656 | F1582: 九年级7班 | G1582: 庹峻博 | P1582: {=IF(表成绩单[[#This Row],[语文]]="","",SUMPRODUCT((表成绩单[考试日期]=表成绩单[[#This Row],[考试日期]])*(表成绩单[语文]<9E+307)*(表成绩单[语文]>表成绩单[[#This Row],[语文]]))+1)} | Q1582: {=IF(表成绩单[[#This Row],[数学]]="","",SUMPRODUCT((表成绩单[考试日期]=表成绩单[[#This Row],[考试日期]])*(表成绩单[数学]<9E+307)*(表成绩单[数学]>表成绩单[[#This Row],[数学]]))+1)} | R1582: {=IF(表成绩单[[#This Row],[英语]]="","",SUMPRODUCT((表成绩单[考试日期]=表成绩单[[#This Row],[考试日期]])*(表成绩单[英语]<9E+307)*(表成绩单[英语]>表成绩单[[#This Row],[英语]]))+1)} | S1582: {=IF(表成绩单[[#This Row],[物理]]="","",SUMPRODUCT((表成绩单[考试日期]=表成绩单[[#This Row],[考试日期]])*(表成绩单[物理]<9E+307)*(表成绩单[物理]>表成绩单[[#This Row],[物理]]))+1)} | T1582: {=IF(表成绩单[[#This Row],[化学]]="","",SUMPRODUCT((表成绩单[考试日期]=表成绩单[[#This Row],[考试日期]])*(表成绩单[化学]<9E+307)*(表成绩单[化学]>表成绩单[[#This Row],[化学]]))+1)} | U1582: {=IF(表成绩单[[#This Row],[政治]]="","",SUMPRODUCT((表成绩单[考试日期]=表成绩单[[#This Row],[考试日期]])*(表成绩单[政治]<9E+307)*(表成绩单[政治]>表成绩单[[#This Row],[政治]]))+1)} | V1582: {=IF(表成绩单[[#This Row],[历史]]="","",SUMPRODUCT((表成绩单[考试日期]=表成绩单[[#This Row],[考试日期]])*(表成绩单[历史]<9E+307)*(表成绩单[历史]>表成绩单[[#This Row],[历史]]))+1)} | W1582: {=IF(表成绩单[[#This Row],[总分]]="","",SUMPRODUCT((表成绩单[考试日期]=表成绩单[[#This Row],[考试日期]])*(表成绩单[总分]<9E+307)*(表成绩单[总分]>表成绩单[[#This Row],[总分]]))+1)}
D1583: 46003 | E1583: 19177657 | F1583: 九年级7班 | G1583: 汪辰轩 | P1583: {=IF(表成绩单[[#This Row],[语文]]="","",SUMPRODUCT((表成绩单[考试日期]=表成绩单[[#This Row],[考试日期]])*(表成绩单[语文]<9E+307)*(表成绩单[语文]>表成绩单[[#This Row],[语文]]))+1)} | Q1583: {=IF(表成绩单[[#This Row],[数学]]="","",SUMPRODUCT((表成绩单[考试日期]=表成绩单[[#This Row],[考试日期]])*(表成绩单[数学]<9E+307)*(表成绩单[数学]>表成绩单[[#This Row],[数学]]))+1)} | R1583: {=IF(表成绩单[[#This Row],[英语]]="","",SUMPRODUCT((表成绩单[考试日期]=表成绩单[[#This Row],[考试日期]])*(表成绩单[英语]<9E+307)*(表成绩单[英语]>表成绩单[[#This Row],[英语]]))+1)} | S1583: {=IF(表成绩单[[#This Row],[物理]]="","",SUMPRODUCT((表成绩单[考试日期]=表成绩单[[#This Row],[考试日期]])*(表成绩单[物理]<9E+307)*(表成绩单[物理]>表成绩单[[#This Row],[物理]]))+1)} | T1583: {=IF(表成绩单[[#This Row],[化学]]="","",SUMPRODUCT((表成绩单[考试日期]=表成绩单[[#This Row],[考试日期]])*(表成绩单[化学]<9E+307)*(表成绩单[化学]>表成绩单[[#This Row],[化学]]))+1)} | U1583: {=IF(表成绩单[[#This Row],[政治]]="","",SUMPRODUCT((表成绩单[考试日期]=表成绩单[[#This Row],[考试日期]])*(表成绩单[政治]<9E+307)*(表成绩单[政治]>表成绩单[[#This Row],[政治]]))+1)} | V1583: {=IF(表成绩单[[#This Row],[历史]]="","",SUMPRODUCT((表成绩单[考试日期]=表成绩单[[#This Row],[考试日期]])*(表成绩单[历史]<9E+307)*(表成绩单[历史]>表成绩单[[#This Row],[历史]]))+1)} | W1583: {=IF(表成绩单[[#This Row],[总分]]="","",SUMPRODUCT((表成绩单[考试日期]=表成绩单[[#This Row],[考试日期]])*(表成绩单[总分]<9E+307)*(表成绩单[总分]>表成绩单[[#This Row],[总分]]))+1)}
D1584: 46003 | E1584: 19177658 | F1584: 九年级7班 | G1584: 温卓源 | P1584: {=IF(表成绩单[[#This Row],[语文]]="","",SUMPRODUCT((表成绩单[考试日期]=表成绩单[[#This Row],[考试日期]])*(表成绩单[语文]<9E+307)*(表成绩单[语文]>表成绩单[[#This Row],[语文]]))+1)} | Q1584: {=IF(表成绩单[[#This Row],[数学]]="","",SUMPRODUCT((表成绩单[考试日期]=表成绩单[[#This Row],[考试日期]])*(表成绩单[数学]<9E+307)*(表成绩单[数学]>表成绩单[[#This Row],[数学]]))+1)} | R1584: {=IF(表成绩单[[#This Row],[英语]]="","",SUMPRODUCT((表成绩单[考试日期]=表成绩单[[#This Row],[考试日期]])*(表成绩单[英语]<9E+307)*(表成绩单[英语]>表成绩单[[#This Row],[英语]]))+1)} | S1584: {=IF(表成绩单[[#This Row],[物理]]="","",SUMPRODUCT((表成绩单[考试日期]=表成绩单[[#This Row],[考试日期]])*(表成绩单[物理]<9E+307)*(表成绩单[物理]>表成绩单[[#This Row],[物理]]))+1)} | T1584: {=IF(表成绩单[[#This Row],[化学]]="","",SUMPRODUCT((表成绩单[考试日期]=表成绩单[[#This Row],[考试日期]])*(表成绩单[化学]<9E+307)*(表成绩单[化学]>表成绩单[[#This Row],[化学]]))+1)} | U1584: {=IF(表成绩单[[#This Row],[政治]]="","",SUMPRODUCT((表成绩单[考试日期]=表成绩单[[#This Row],[考试日期]])*(表成绩单[政治]<9E+307)*(表成绩单[政治]>表成绩单[[#This Row],[政治]]))+1)} | V1584: {=IF(表成绩单[[#This Row],[历史]]="","",SUMPRODUCT((表成绩单[考试日期]=表成绩单[[#This Row],[考试日期]])*(表成绩单[历史]<9E+307)*(表成绩单[历史]>表成绩单[[#This Row],[历史]]))+1)} | W1584: {=IF(表成绩单[[#This Row],[总分]]="","",SUMPRODUCT((表成绩单[考试日期]=表成绩单[[#This Row],[考试日期]])*(表成绩单[总分]<9E+307)*(表成绩单[总分]>表成绩单[[#This Row],[总分]]))+1)}
D1585: 46003 | E1585: 19177659 | F1585: 九年级7班 | G1585: 吴思怡 | P1585: {=IF(表成绩单[[#This Row],[语文]]="","",SUMPRODUCT((表成绩单[考试日期]=表成绩单[[#This Row],[考试日期]])*(表成绩单[语文]<9E+307)*(表成绩单[语文]>表成绩单[[#This Row],[语文]]))+1)} | Q1585: {=IF(表成绩单[[#This Row],[数学]]="","",SUMPRODUCT((表成绩单[考试日期]=表成绩单[[#This Row],[考试日期]])*(表成绩单[数学]<9E+307)*(表成绩单[数学]>表成绩单[[#This Row],[数学]]))+1)} | R1585: {=IF(表成绩单[[#This Row],[英语]]="","",SUMPRODUCT((表成绩单[考试日期]=表成绩单[[#This Row],[考试日期]])*(表成绩单[英语]<9E+307)*(表成绩单[英语]>表成绩单[[#This Row],[英语]]))+1)} | S1585: {=IF(表成绩单[[#This Row],[物理]]="","",SUMPRODUCT((表成绩单[考试日期]=表成绩单[[#This Row],[考试日期]])*(表成绩单[物理]<9E+307)*(表成绩单[物理]>表成绩单[[#This Row],[物理]]))+1)} | T1585: {=IF(表成绩单[[#This Row],[化学]]="","",SUMPRODUCT((表成绩单[考试日期]=表成绩单[[#This Row],[考试日期]])*(表成绩单[化学]<9E+307)*(表成绩单[化学]>表成绩单[[#This Row],[化学]]))+1)} | U1585: {=IF(表成绩单[[#This Row],[政治]]="","",SUMPRODUCT((表成绩单[考试日期]=表成绩单[[#This Row],[考试日期]])*(表成绩单[政治]<9E+307)*(表成绩单[政治]>表成绩单[[#This Row],[政治]]))+1)} | V1585: {=IF(表成绩单[[#This Row],[历史]]="","",SUMPRODUCT((表成绩单[考试日期]=表成绩单[[#This Row],[考试日期]])*(表成绩单[历史]<9E+307)*(表成绩单[历史]>表成绩单[[#This Row],[历史]]))+1)} | W1585: {=IF(表成绩单[[#This Row],[总分]]="","",SUMPRODUCT((表成绩单[考试日期]=表成绩单[[#This Row],[考试日期]])*(表成绩单[总分]<9E+307)*(表成绩单[总分]>表成绩单[[#This Row],[总分]]))+1)}
D1586: 46003 | E1586: 19177661 | F1586: 九年级7班 | G1586: 谢鑫媛 | P1586: {=IF(表成绩单[[#This Row],[语文]]="","",SUMPRODUCT((表成绩单[考试日期]=表成绩单[[#This Row],[考试日期]])*(表成绩单[语文]<9E+307)*(表成绩单[语文]>表成绩单[[#This Row],[语文]]))+1)} | Q1586: {=IF(表成绩单[[#This Row],[数学]]="","",SUMPRODUCT((表成绩单[考试日期]=表成绩单[[#This Row],[考试日期]])*(表成绩单[数学]<9E+307)*(表成绩单[数学]>表成绩单[[#This Row],[数学]]))+1)} | R1586: {=IF(表成绩单[[#This Row],[英语]]="","",SUMPRODUCT((表成绩单[考试日期]=表成绩单[[#This Row],[考试日期]])*(表成绩单[英语]<9E+307)*(表成绩单[英语]>表成绩单[[#This Row],[英语]]))+1)} | S1586: {=IF(表成绩单[[#This Row],[物理]]="","",SUMPRODUCT((表成绩单[考试日期]=表成绩单[[#This Row],[考试日期]])*(表成绩单[物理]<9E+307)*(表成绩单[物理]>表成绩单[[#This Row],[物理]]))+1)} | T1586: {=IF(表成绩单[[#This Row],[化学]]="","",SUMPRODUCT((表成绩单[考试日期]=表成绩单[[#This Row],[考试日期]])*(表成绩单[化学]<9E+307)*(表成绩单[化学]>表成绩单[[#This Row],[化学]]))+1)} | U1586: {=IF(表成绩单[[#This Row],[政治]]="","",SUMPRODUCT((表成绩单[考试日期]=表成绩单[[#This Row],[考试日期]])*(表成绩单[政治]<9E+307)*(表成绩单[政治]>表成绩单[[#This Row],[政治]]))+1)} | V1586: {=IF(表成绩单[[#This Row],[历史]]="","",SUMPRODUCT((表成绩单[考试日期]=表成绩单[[#This Row],[考试日期]])*(表成绩单[历史]<9E+307)*(表成绩单[历史]>表成绩单[[#This Row],[历史]]))+1)} | W1586: {=IF(表成绩单[[#This Row],[总分]]="","",SUMPRODUCT((表成绩单[考试日期]=表成绩单[[#This Row],[考试日期]])*(表成绩单[总分]<9E+307)*(表成绩单[总分]>表成绩单[[#This Row],[总分]]))+1)}
D1587: 46003 | E1587: 19177663 | F1587: 九年级7班 | G1587: 杨珺贻 | P1587: {=IF(表成绩单[[#This Row],[语文]]="","",SUMPRODUCT((表成绩单[考试日期]=表成绩单[[#This Row],[考试日期]])*(表成绩单[语文]<9E+307)*(表成绩单[语文]>表成绩单[[#This Row],[语文]]))+1)} | Q1587: {=IF(表成绩单[[#This Row],[数学]]="","",SUMPRODUCT((表成绩单[考试日期]=表成绩单[[#This Row],[考试日期]])*(表成绩单[数学]<9E+307)*(表成绩单[数学]>表成绩单[[#This Row],[数学]]))+1)} | R1587: {=IF(表成绩单[[#This Row],[英语]]="","",SUMPRODUCT((表成绩单[考试日期]=表成绩单[[#This Row],[考试日期]])*(表成绩单[英语]<9E+307)*(表成绩单[英语]>表成绩单[[#This Row],[英语]]))+1)} | S1587: {=IF(表成绩单[[#This Row],[物理]]="","",SUMPRODUCT((表成绩单[考试日期]=表成绩单[[#This Row],[考试日期]])*(表成绩单[物理]<9E+307)*(表成绩单[物理]>表成绩单[[#This Row],[物理]]))+1)} | T1587: {=IF(表成绩单[[#This Row],[化学]]="","",SUMPRODUCT((表成绩单[考试日期]=表成绩单[[#This Row],[考试日期]])*(表成绩单[化学]<9E+307)*(表成绩单[化学]>表成绩单[[#This Row],[化学]]))+1)} | U1587: {=IF(表成绩单[[#This Row],[政治]]="","",SUMPRODUCT((表成绩单[考试日期]=表成绩单[[#This Row],[考试日期]])*(表成绩单[政治]<9E+307)*(表成绩单[政治]>表成绩单[[#This Row],[政治]]))+1)} | V1587: {=IF(表成绩单[[#This Row],[历史]]="","",SUMPRODUCT((表成绩单[考试日期]=表成绩单[[#This Row],[考试日期]])*(表成绩单[历史]<9E+307)*(表成绩单[历史]>表成绩单[[#This Row],[历史]]))+1)} | W1587: {=IF(表成绩单[[#This Row],[总分]]="","",SUMPRODUCT((表成绩单[考试日期]=表成绩单[[#This Row],[考试日期]])*(表成绩单[总分]<9E+307)*(表成绩单[总分]>表成绩单[[#This Row],[总分]]))+1)}
... D1596: 46003 | E1596: 19178638 | F1596: 九年级11班 | G1596: 肖茵瑜 | P1596: {=IF(表成绩单[[#This Row],[语文]]="","",SUMPRODUCT((表成绩单[考试日期]=表成绩单[[#This Row],[考试日期]])*(表成绩单[语文]<9E+307)*(表成绩单[语文]>表成绩单[[#This Row],[语文]]))+1)} | Q1596: {=IF(表成绩单[[#This Row],[数学]]="","",SUMPRODUCT((表成绩单[考试日期]=表成绩单[[#This Row],[考试日期]])*(表成绩单[数学]<9E+307)*(表成绩单[数学]>表成绩单[[#This Row],[数学]]))+1)} | R1596: {=IF(表成绩单[[#This Row],[英语]]="","",SUMPRODUCT((表成绩单[考试日期]=表成绩单[[#This Row],[考试日期]])*(表成绩单[英语]<9E+307)*(表成绩单[英语]>表成绩单[[#This Row],[英语]]))+1)} | S1596: {=IF(表成绩单[[#This Row],[物理]]="","",SUMPRODUCT((表成绩单[考试日期]=表成绩单[[#This Row],[考试日期]])*(表成绩单[物理]<9E+307)*(表成绩单[物理]>表成绩单[[#This Row],[物理]]))+1)} | T1596: {=IF(表成绩单[[#This Row],[化学]]="","",SUMPRODUCT((表成绩单[考试日期]=表成绩单[[#This Row],[考试日期]])*(表成绩单[化学]<9E+307)*(表成绩单[化学]>表成绩单[[#This Row],[化学]]))+1)} | U1596: {=IF(表成绩单[[#This Row],[政治]]="","",SUMPRODUCT((表成绩单[考试日期]=表成绩单[[#This Row],[考试日期]])*(表成绩单[政治]<9E+307)*(表成绩单[政治]>表成绩单[[#This Row],[政治]]))+1)} | V1596: {=IF(表成绩单[[#This Row],[历史]]="","",SUMPRODUCT((表成绩单[考试日期]=表成绩单[[#This Row],[考试日期]])*(表成绩单[历史]<9E+307)*(表成绩单[历史]>表成绩单[[#This Row],[历史]]))+1)} | W1596: {=IF(表成绩单[[#This Row],[总分]]="","",SUMPRODUCT((表成绩单[考试日期]=表成绩单[[#This Row],[考试日期]])*(表成绩单[总分]<9E+307)*(表成绩单[总分]>表成绩单[[#This Row],[总分]]))+1)}
D1597: 46003 | E1597: 19178641 | F1597: 九年级11班 | G1597: 许君博 | H1597: 82 | J1597: 70.5 | K1597: 60 | L1597: 75 | N1597: 74 | O1597: 361.5 | P1597: {=IF(表成绩单[[#This Row],[语文]]="","",SUMPRODUCT((表成绩单[考试日期]=表成绩单[[#This Row],[考试日期]])*(表成绩单[语文]<9E+307)*(表成绩单[语文]>表成绩单[[#This Row],[语文]]))+1)} -> 657 | Q1597: {=IF(表成绩单[[#This Row],[数学]]="","",SUMPRODUCT((表成绩单[考试日期]=表成绩单[[#This Row],[考试日期]])*(表成绩单[数学]<9E+307)*(表成绩单[数学]>表成绩单[[#This Row],[数学]]))+1)} | R1597: {=IF(表成绩单[[#This Row],[英语]]="","",SUMPRODUCT((表成绩单[考试日期]=表成绩单[[#This Row],[考试日期]])*(表成绩单[英语]<9E+307)*(表成绩单[英语]>表成绩单[[#This Row],[英语]]))+1)} -> 413 | S1597: {=IF(表成绩单[[#This Row],[物理]]="","",SUMPRODUCT((表成绩单[考试日期]=表成绩单[[#This Row],[考试日期]])*(表成绩单[物理]<9E+307)*(表成绩单[物理]>表成绩单[[#This Row],[物理]]))+1)} -> 585 | T1597: {=IF(表成绩单[[#This Row],[化学]]="","",SUMPRODUCT((表成绩单[考试日期]=表成绩单[[#This Row],[考试日期]])*(表成绩单[化学]<9E+307)*(表成绩单[化学]>表成绩单[[#This Row],[化学]]))+1)} -> 421 | U1597: {=IF(表成绩单[[#This Row],[政治]]="","",SUMPRODUCT((表成绩单[考试日期]=表成绩单[[#This Row],[考试日期]])*(表成绩单[政治]<9E+307)*(表成绩单[政治]>表成绩单[[#This Row],[政治]]))+1)} | V1597: {=IF(表成绩单[[#This Row],[历史]]="","",SUMPRODUCT((表成绩单[考试日期]=表成绩单[[#This Row],[考试日期]])*(表成绩单[历史]<9E+307)*(表成绩单[历史]>表成绩单[[#This Row],[历史]]))+1)} -> 371 | W1597: {=IF(表成绩单[[#This Row],[总分]]="","",SUMPRODUCT((表成绩单[考试日期]=表成绩单[[#This Row],[考试日期]])*(表成绩单[总分]<9E+307)*(表成绩单[总分]>表成绩单[[#This Row],[总分]]))+1)} -> 654
D1598: 46003 | E1598: 19178642 | F1598: 九年级11班 | G1598: 姚杰瀚 | J1598: 56.5 | N1598: 74 | O1598: 130.5 | P1598: {=IF(表成绩单[[#This Row],[语文]]="","",SUMPRODUCT((表成绩单[考试日期]=表成绩单[[#This Row],[考试日期]])*(表成绩单[语文]<9E+307)*(表成绩单[语文]>表成绩单[[#This Row],[语文]]))+1)} | Q1598: {=IF(表成绩单[[#This Row],[数学]]="","",SUMPRODUCT((表成绩单[考试日期]=表成绩单[[#This Row],[考试日期]])*(表成绩单[数学]<9E+307)*(表成绩单[数学]>表成绩单[[#This Row],[数学]]))+1)} | R1598: {=IF(表成绩单[[#This Row],[英语]]="","",SUMPRODUCT((表成绩单[考试日期]=表成绩单[[#This Row],[考试日期]])*(表成绩单[英语]<9E+307)*(表成绩单[英语]>表成绩单[[#This Row],[英语]]))+1)} -> 557 | S1598: {=IF(表成绩单[[#This Row],[物理]]="","",SUMPRODUCT((表成绩单[考试日期]=表成绩单[[#This Row],[考试日期]])*(表成绩单[物理]<9E+307)*(表成绩单[物理]>表成绩单[[#This Row],[物理]]))+1)} | T1598: {=IF(表成绩单[[#This Row],[化学]]="","",SUMPRODUCT((表成绩单[考试日期]=表成绩单[[#This Row],[考试日期]])*(表成绩单[化学]<9E+307)*(表成绩单[化学]>表成绩单[[#This Row],[化学]]))+1)} | U1598: {=IF(表成绩单[[#This Row],[政治]]="","",SUMPRODUCT((表成绩单[考试日期]=表成绩单[[#This Row],[考试日期]])*(表成绩单[政治]<9E+307)*(表成绩单[政治]>表成绩单[[#This Row],[政治]]))+1)} | V1598: {=IF(表成绩单[[#This Row],[历史]]="","",SUMPRODUCT((表成绩单[考试日期]=表成绩单[[#This Row],[考试日期]])*(表成绩单[历史]<9E+307)*(表成绩单[历史]>表成绩单[[#This Row],[历史]]))+1)} -> 371 | W1598: {=IF(表成绩单[[#This Row],[总分]]="","",SUMPRODUCT((表成绩单[考试日期]=表成绩单[[#This Row],[考试日期]])*(表成绩单[总分]<9E+307)*(表成绩单[总分]>表成绩单[[#This Row],[总分]]))+1)} -> 736
D1599: 46003 | E1599: 19178644 | F1599: 九年级11班 | G1599: 张雪晗 | P1599: {=IF(表成绩单[[#This Row],[语文]]="","",SUMPRODUCT((表成绩单[考试日期]=表成绩单[[#This Row],[考试日期]])*(表成绩单[语文]<9E+307)*(表成绩单[语文]>表成绩单[[#This Row],[语文]]))+1)} | Q1599: {=IF(表成绩单[[#This Row],[数学]]="","",SUMPRODUCT((表成绩单[考试日期]=表成绩单[[#This Row],[考试日期]])*(表成绩单[数学]<9E+307)*(表成绩单[数学]>表成绩单[[#This Row],[数学]]))+1)} | R1599: {=IF(表成绩单[[#This Row],[英语]]="","",SUMPRODUCT((表成绩单[考试日期]=表成绩单[[#This Row],[考试日期]])*(表成绩单[英语]<9E+307)*(表成绩单[英语]>表成绩单[[#This Row],[英语]]))+1)} | S1599: {=IF(表成绩单[[#This Row],[物理]]="","",SUMPRODUCT((表成绩单[考试日期]=表成绩单[[#This Row],[考试日期]])*(表成绩单[物理]<9E+307)*(表成绩单[物理]>表成绩单[[#This Row],[物理]]))+1)} | T1599: {=IF(表成绩单[[#This Row],[化学]]="","",SUMPRODUCT((表成绩单[考试日期]=表成绩单[[#This Row],[考试日期]])*(表成绩单[化学]<9E+307)*(表成绩单[化学]>表成绩单[[#This Row],[化学]]))+1)} | U1599: {=IF(表成绩单[[#This Row],[政治]]="","",SUMPRODUCT((表成绩单[考试日期]=表成绩单[[#This Row],[考试日期]])*(表成绩单[政治]<9E+307)*(表成绩单[政治]>表成绩单[[#This Row],[政治]]))+1)} | V1599: {=IF(表成绩单[[#This Row],[历史]]="","",SUMPRODUCT((表成绩单[考试日期]=表成绩单[[#This Row],[考试日期]])*(表成绩单[历史]<9E+307)*(表成绩单[历史]>表成绩单[[#This Row],[历史]]))+1)} | W1599: {=IF(表成绩单[[#This Row],[总分]]="","",SUMPRODUCT((表成绩单[考试日期]=表成绩单[[#This Row],[考试日期]])*(表成绩单[总分]<9E+307)*(表成绩单[总分]>表成绩单[[#This Row],[总分]]))+1)}
D1600: 46003 | E1600: 19178645 | F1600: 九年级11班 | G1600: 张钰霏 | P1600: {=IF(表成绩单[[#This Row],[语文]]="","",SUMPRODUCT((表成绩单[考试日期]=表成绩单[[#This Row],[考试日期]])*(表成绩单[语文]<9E+307)*(表成绩单[语文]>表成绩单[[#This Row],[语文]]))+1)} | Q1600: {=IF(表成绩单[[#This Row],[数学]]="","",SUMPRODUCT((表成绩单[考试日期]=表成绩单[[#This Row],[考试日期]])*(表成绩单[数学]<9E+307)*(表成绩单[数学]>表成绩单[[#This Row],[数学]]))+1)} | R1600: {=IF(表成绩单[[#This Row],[英语]]="","",SUMPRODUCT((表成绩单[考试日期]=表成绩单[[#This Row],[考试日期]])*(表成绩单[英语]<9E+307)*(表成绩单[英语]>表成绩单[[#This Row],[英语]]))+1)} | S1600: {=IF(表成绩单[[#This Row],[物理]]="","",SUMPRODUCT((表成绩单[考试日期]=表成绩单[[#This Row],[考试日期]])*(表成绩单[物理]<9E+307)*(表成绩单[物理]>表成绩单[[#This Row],[物理]]))+1)} | T1600: {=IF(表成绩单[[#This Row],[化学]]="","",SUMPRODUCT((表成绩单[考试日期]=表成绩单[[#This Row],[考试日期]])*(表成绩单[化学]<9E+307)*(表成绩单[化学]>表成绩单[[#This Row],[化学]]))+1)} | U1600: {=IF(表成绩单[[#This Row],[政治]]="","",SUMPRODUCT((表成绩单[考试日期]=表成绩单[[#This Row],[考试日期]])*(表成绩单[政治]<9E+307)*(表成绩单[政治]>表成绩单[[#This Row],[政治]]))+1)} | V1600: {=IF(表成绩单[[#This Row],[历史]]="","",SUMPRODUCT((表成绩单[考试日期]=表成绩单[[#This Row],[考试日期]])*(表成绩单[历史]<9E+307)*(表成绩单[历史]>表成绩单[[#This Row],[历史]]))+1)} | W1600: {=IF(表成绩单[[#This Row],[总分]]="","",SUMPRODUCT((表成绩单[考试日期]=表成绩单[[#This Row],[考试日期]])*(表成绩单[总分]<9E+307)*(表成绩单[总分]>表成绩单[[#This Row],[总分]]))+1)}
D1601: 46003 | E1601: 19178647 | F1601: 九年级11班 | G1601: 郑静远 | J1601: 64.5 | N1601: 77 | O1601: 141.5 | P1601: {=IF(表成绩单[[#This Row],[语文]]="","",SUMPRODUCT((表成绩单[考试日期]=表成绩单[[#This Row],[考试日期]])*(表成绩单[语文]<9E+307)*(表成绩单[语文]>表成绩单[[#This Row],[语文]]))+1)} | Q1601: {=IF(表成绩单[[#This Row],[数学]]="","",SUMPRODUCT((表成绩单[考试日期]=表成绩单[[#This Row],[考试日期]])*(表成绩单[数学]<9E+307)*(表成绩单[数学]>表成绩单[[#This Row],[数学]]))+1)} | R1601: {=IF(表成绩单[[#This Row],[英语]]="","",SUMPRODUCT((表成绩单[考试日期]=表成绩单[[#This Row],[考试日期]])*(表成绩单[英语]<9E+307)*(表成绩单[英语]>表成绩单[[#This Row],[英语]]))+1)} -> 484 | S1601: {=IF(表成绩单[[#This Row],[物理]]="","",SUMPRODUCT((表成绩单[考试日期]=表成绩单[[#This Row],[考试日期]])*(表成绩单[物理]<9E+307)*(表成绩单[物理]>表成绩单[[#This Row],[物理]]))+1)} | T1601: {=IF(表成绩单[[#This Row],[化学]]="","",SUMPRODUCT((表成绩单[考试日期]=表成绩单[[#This Row],[考试日期]])*(表成绩单[化学]<9E+307)*(表成绩单[化学]>表成绩单[[#This Row],[化学]]))+1)} | U1601: {=IF(表成绩单[[#This Row],[政治]]="","",SUMPRODUCT((表成绩单[考试日期]=表成绩单[[#This Row],[考试日期]])*(表成绩单[政治]<9E+307)*(表成绩单[政治]>表成绩单[[#This Row],[政治]]))+1)} | V1601: {=IF(表成绩单[[#This Row],[历史]]="","",SUMPRODUCT((表成绩单[考试日期]=表成绩单[[#This Row],[考试日期]])*(表成绩单[历史]<9E+307)*(表成绩单[历史]>表成绩单[[#This Row],[历史]]))+1)} -> 235 | W1601: {=IF(表成绩单[[#This Row],[总分]]="","",SUMPRODUCT((表成绩单[考试日期]=表成绩单[[#This Row],[考试日期]])*(表成绩单[总分]<9E+307)*(表成绩单[总分]>表成绩单[[#This Row],[总分]]))+1)} -> 735
...

Sheet 各班学生名单
D2: 各班学生明细
D4: 序号 | E4: 九年级1班 | F4: 九年级2班 | G4: 九年级3班 | H4: 九年级4班 | I4: 九年级5班 | J4: 九年级6班 | K4: 九年级7班 | L4: 九年级8班 | M4: 九年级9班 | N4: 九年级10班 | O4: 九年级11班 | P4: 九年级12班 | Q4: 九年级13班 | R4: 九年级14班 | S4: 九年级15班 | T4: 九年级16班 | U4: 九年级17班 | V4: 九年级18班 | W4: 九年级19班
D5: =ROW(A1) -> 1 | E5: {=_xlfn.UNIQUE(_xlfn._xlws.FILTER(表成绩单[姓名],表成绩单[班级]=各班学生名单!E4))} -> 毛遂 | F5: {=_xlfn.UNIQUE(_xlfn._xlws.FILTER(表成绩单[姓名],表成绩单[班级]=各班学生名单!F4))} -> 李悠然 | G5: {=_xlfn.UNIQUE(_xlfn._xlws.FILTER(表成绩单[姓名],表成绩单[班级]=各班学生名单!G4))} -> 张钧茗 | H5: {=_xlfn.UNIQUE(_xlfn._xlws.FILTER(表成绩单[姓名],表成绩单[班级]=各班学生名单!H4))} -> 蒋羽沣 | I5: {=_xlfn.UNIQUE(_xlfn._xlws.FILTER(表成绩单[姓名],表成绩单[班级]=各班学生名单!I4))} -> 刘宛臻 | J5: {=_xlfn.UNIQUE(_xlfn._xlws.FILTER(表成绩单[姓名],表成绩单[班级]=各班学生名单!J4))} -> 姚睿良 | K5: {=_xlfn.UNIQUE(_xlfn._xlws.FILTER(表成绩单[姓名],表成绩单[班级]=各班学生名单!K4))} -> 赵睿恺 | L5: {=_xlfn.UNIQUE(_xlfn._xlws.FILTER(表成绩单[姓名],表成绩单[班级]=各班学生名单!L4))} -> 李菲凡 | ... W5: {=_xlfn.UNIQUE(_xlfn._xlws.FILTER(表成绩单[姓名],表成绩单[班级]=各班学生名单!W4))} -> 刘彧恺
D6: =ROW(A2) -> 2 | E6: 黄天佑 | F6: 李百恩 | G6: 陈思睿 | H6: 叶杰森 | I6: 李晨茜 | J6: 古逸威 | K6: 夏浩茗 | L6: 黄熙峻 | M6: 林奕含 | N6: 刘昌俊 | O6: 郑静远 | P6: 罗家俊 | Q6: 莫梓彤 | R6: 陈雅唯 | S6: 梁雅文 | T6: 杨子宁 | U6: 凌子轩 | V6: 刘隽轶 | W6: 冯俊玮
D7: =ROW(A3) -> 3 | E7: 林璐熙 | F7: 张钊鸣 | G7: 吴宇皓 | H7: 吴卓殷 | I7: 罗俊朗 | J7: 吴皓琨 | K7: 蓝博 | L7: 陈昕缘 | M7: 温鑫杰 | N7: 王梓辰 | O7: 黄语嫣 | P7: 卓靖超 | Q7: 朱子行 | R7: 罗梓涵 | S7: 罗茵潆 | T7: 苏千婷 | U7: 魏雨沫 | V7: 冯梓皓 | W7: 江志远
D8: =ROW(A4) -> 4 | E8: 曾劲松 | F8: 赵一航 | G8: 吴梓轩 | H8: 黄瑞 | I8: 吕萱 | J8: 何子骏 | K8: 李梓萱 | L8: 周峻帆 | M8: 钟浩轩 | N8: 龙韵淇 | O8: 刘小溪 | P8: 陈嘉荣 | Q8: 张瑞芯 | R8: 刘梓萱 | S8: 李知与 | T8: 江梓宁 | U8: 何梓轩 | V8: 刘子祺 | W8: 吕祉诺
D9: =ROW(A5) -> 5 | E9: 叶雨晗 | F9: 吴乐欣 | G9: 陈怡平 | H9: 雷云翔 | I9: 钟梓嘉 | J9: 贺加琦 | K9: 朱静宜 | L9: 郑思敏 | M9: 李雨霏 | N9: 史倩华 | O9: 徐想 | P9: 何曦 | Q9: 欧阳誉恒 | R9: 周佳杰 | S9: 杨思予 | T9: 刘岩鑫 | U9: 杨逍 | V9: 陆科儒 | W9: 李颖佳
D10: =ROW(A6) -> 6 | E10: 包为民 | F10: 张娅楠 | G10: 郑之欣 | H10: 夏以昕 | I10: 陈浩仁 | J10: 蔡诚俊 | K10: 李晗飞 | L10: 黄臻瑜 | M10: 袁慧璇 | N10: 汪圆圆 | O10: 朱芷筠 | P10: 陈禹羲 | Q10: 沈峻熙 | R10: 谢凯帆 | S10: 汪语星 | T10: 宁张宇轩 | U10: 高一诺 | V10: 林子然 | W10: 吴承滔
D11: =ROW(A7) -> 7 | E11: 刘静怡 | F11: 彭梓萱 | G11: 周雯珺 | H11: 肖湘悦 | I11: 何牧 | J11: 欧欣怡 | K11: 郭国庆 | L11: 徐艺宸 | M11: 邓诗杨 | N11: 何锦程 | O11: 朱紫妍 | P11: 谢雅吉 | Q11: 林睿 | R11: 程昱哲 | S11: 李嘉睿 | T11: 郭胜铭 | U11: 李俊烨 | V11: 叶宇轩 | W11: 王泓颖
D12: =ROW(A8) -> 8 | E12: 刘启正 | F12: 张抱抱 | G12: 张芯瑜 | H12: 张宇轩 | I12: 胡杰文 | J12: 叶梓婷 | K12: 杨兆基 | L12: 吴定轩 | M12: 冯梓轩 | N12: 张靖瑶 | O12: 谭礼璐 | P12: 饶城宇 | Q12: 徐靖博 | R12: 付浩冉 | S12: 谢若蓥 | T12: 彭建秋 | U12: 周隽立 | V12: 刘昱翧 | W12: 黎梦瑜
D13: =ROW(A9) -> 9 | E13: 吴定涵 | F13: 彭赞 | G13: 梁家豪 | H13: 李铭 | I13: 覃文欣 | J13: 袁睿浩 | K13: 刘云天 | L13: 李以恬 | M13: 孔维添 | N13: 唐润恒 | O13: 王栎颖 | P13: 胡瑞华 | Q13: 李悦扬 | R13: 孔麒竣 | S13: 卓宇阳 | T13: 缪宇峰 | U13: 郭世霖 | V13: 邓习弘 | W13: 刘思聪
D14: =ROW(A10) -> 10 | E14: 钟梓萌 | F14: 周家乐 | G14: 方梓涵 | H14: 陈思诚 | I14: 宋壁光 | J14: 汪宝瑞 | K14: 张舒鑫 | L14: 董宇阳 | M14: 彭芯蕾 | N14: 侯萱忆 | O14: 张钰霏 | P14: 李瑞卿 | Q14: 谢睿朗 | R14: 张诗涵 | S14: 劳雨萱 | T14: 陈俊宇 | U14: 刘祺 | V14: 陈俊宏 | W14: 叶恩彤
D15: =ROW(A11) -> 11 | E15: 强思翼 | F15: 钟力行 | G15: 林逸晟 | H15: 陈奕行 | I15: 熊子豪 | J15: 周智生 | K15: 朱彦郗 | L15: 洪子瑞 | M15: 刘震 | N15: 张姚景 | O15: 贺明非 | P15: 赵怡然 | Q15: 罗乐瑶 | R15: 李润淇 | S15: 温雨荷 | T15: 陈俊源 | U15: 沈伊 | V15: 李卓烜 | W15: 李恩泽
D16: =ROW(A12) -> 12 | E16: 郑光耀 | F16: 薛宇璐 | G16: 李雯琪 | H16: 曾可欣 | I16: 曾维泰 | J16: 潘允哲 | K16: 高诗馨 | L16: 甘天行 | M16: 马瑞君 | N16: 罗斌 | O16: 李灿玮 | P16: 郭彦熙 | Q16: 王妍雯 | R16: 阮之谦 | S16: 刘昊轩 | T16: 谭芷玲 | U16: 张恩祁 | V16: 全家骏 | W16: 林承熹
D17: =ROW(A13) -> 13 | E17: 李鸣冲 | F17: 许锦翔 | G17: 邓善媛 | H17: 佘子涛 | I17: 陈定轩 | J17: 卢语煊 | K17: 陈熙 | L17: 李怡轩 | M17: 徐梓童 | N17: 陈峻朗 | O17: 王乙多 | P17: 吕文婧 | Q17: 章忆雯 | R17: 罗鼎铭 | S17: 陈颖 | T17: 陈宇轩 | U17: 刘丹晴 | V17: 李佳妍 | W17: 鲁可倾
... D43: =ROW(A39) -> 39 | E43: 姜晨旭 | F43: 黎泰贤 | G43: 麦一帆 | H43: 润熙和 | I43: 朱恒锋 | J43: 陈黄可 | K43: 雷家晔 | L43: 崔誉缤 | M43: 严俊杰 | N43: 叶添楠 | O43: 陈美美 | P43: 潘品妍 | Q43: 陈家宇 | R43: 罗君浩 | S43: 黄骏洋 | T43: 黄铭栋 | U43: 周梓睿 | V43: 谭子钦 | W43: 刘健钧
D44: =ROW(A40) -> 40 | E44: 李浩森 | F44: 范洛铨 | G44: 何致远 | H44: 郑子昊 | J44: 姚茗泽 | K44: 吴思怡 | L44: 宁若翔 | M44: 顾珂瑀 | O44: 姚杰瀚 | P44: 蔡卓燃 | Q44: 刘心宇 | R44: 何笑薇 | S44: 何语菡 | T44: 徐梓然 | U44: 吉好 | V44: 黄禹仁 | W44: 冯予熙
D45: =ROW(A41) -> 41 | E45: 许耀丹 | F45: 成紫强 | H45: 李冠聪 | J45: 段文韬 | K45: 余沃平 | L45: 李豪天 | M45: 刘嘉毅 | O45: 肖茵瑜 | P45: 李汶骏 | Q45: 钟毓 | R45: 魏俊熙 | S45: 雷宇骁 | U45: 孙士轩 | V45: 叶皓熙 | W45: 梁艺婷
D46: =ROW(A42) -> 42 | F46: 闫浩誉 | J46: 臧弈鸣 | K46: 张又菡 | M46: 郭钰涵 | O46: 潘佳楠 | R46: 刘懿慧 | S46: 季子航 | U46: 梁桉菱 | V46: 俞淑敏 | W46: 杨剑淇
D47: =ROW(A43) -> 43 | F47: 张馨予 | J47: 李晋希 | K47: 杨泽凯 | M47: 黄子轩 | O47: 郑皓伦 | R47: 陈震宁 | S47: 曾子瀚 | U47: 谢俊濠 | V47: 岑晓清 | W47: 熊思贤
D48: =ROW(A44) -> 44 | J48: 谢沛莹 | K48: 张浩轩 | M48: 胡俊天 | S48: 蔡熹
D49: =ROW(A45) -> 45 | J49: 陈沛斯 | K49: 周俊希 | M49: 王威越 | S49: 郭千亿

Sheet 科目明细
D1: 返回◀
D2: （九年级）各科满分
D4: 科目 | E4: 满分 | F4: 优秀85% | G4: 良好80% | H4: 及格60% | J4: 考试日期
D5: 语文 | E5: 120 | F5: =RIGHT(F$4,3)*表满分成绩[[#This Row],[满分]] -> 102 | G5: =RIGHT(G$4,3)*表满分成绩[[#This Row],[满分]] -> 96 | H5: =RIGHT(H$4,3)*表满分成绩[[#This Row],[满分]] -> 72 | J5: {=_xlfn.UNIQUE(表成绩单[考试日期])} -> 45975
D6: 数学 | E6: 120 | F6: =RIGHT(F$4,3)*表满分成绩[[#This Row],[满分]] -> 102 | G6: =RIGHT(G$4,3)*表满分成绩[[#This Row],[满分]] -> 96 | H6: =RIGHT(H$4,3)*表满分成绩[[#This Row],[满分]] -> 72 | J6: 46003
D7: 英语 | E7: 90 | F7: =RIGHT(F$4,3)*表满分成绩[[#This Row],[满分]] -> 76.5 | G7: =RIGHT(G$4,3)*表满分成绩[[#This Row],[满分]] -> 72 | H7: =RIGHT(H$4,3)*表满分成绩[[#This Row],[满分]] -> 54 | J7: 46030
D8: 物理 | E8: 90 | F8: =RIGHT(F$4,3)*表满分成绩[[#This Row],[满分]] -> 76.5 | G8: =RIGHT(G$4,3)*表满分成绩[[#This Row],[满分]] -> 72 | H8: =RIGHT(H$4,3)*表满分成绩[[#This Row],[满分]] -> 54 | J8: 46108
D9: 化学 | E9: 90 | F9: =RIGHT(F$4,3)*表满分成绩[[#This Row],[满分]] -> 76.5 | G9: =RIGHT(G$4,3)*表满分成绩[[#This Row],[满分]] -> 72 | H9: =RIGHT(H$4,3)*表满分成绩[[#This Row],[满分]] -> 54
D10: 政治 | E10: 90 | F10: =RIGHT(F$4,3)*表满分成绩[[#This Row],[满分]] -> 76.5 | G10: =RIGHT(G$4,3)*表满分成绩[[#This Row],[满分]] -> 72 | H10: =RIGHT(H$4,3)*表满分成绩[[#This Row],[满分]] -> 54
D11: 历史 | E11: 90 | F11: =RIGHT(F$4,3)*表满分成绩[[#This Row],[满分]] -> 76.5 | G11: =RIGHT(G$4,3)*表满分成绩[[#This Row],[满分]] -> 72 | H11: =RIGHT(H$4,3)*表满分成绩[[#This Row],[满分]] -> 54
D12: 总分 | E12: =SUM(E5:E11) -> 690 | F12: =RIGHT(F$4,3)*表满分成绩[[#This Row],[满分]] -> 586.5 | G12: =RIGHT(G$4,3)*表满分成绩[[#This Row],[满分]] -> 552 | H12: =RIGHT(H$4,3)*表满分成绩[[#This Row],[满分]] -> 414
